id,title,current_price,is_active,total_quantity
0,Sesame Paste Ramen 5 Pack,12.9,True,300
1,Organic Linden Flower Raw Honey,9.9,True,200
2,Seaweed Snacks,9.9,True,200
3,Veggie Chips,6.9,True,200
4,Organic Wildflower Raw Honey,18.9,True,300
5,Candied Pecans,9.9,True,200
6,Organic Agave Syrup,6.9,True,200
7,Sweet & Spicy Pecans,9.9,True,200
8,Chocolate Almonds,9.9,True,200
9,Plantain Chips,6.9,True,200
10,Organic Rosemary Crackers,6.9,True,200
11,Stainless Aluminium 3-Layer Steel Saucepan 1.5L (1.6 Qt),35.9,True,300
12,Stainless Aluminium 3-Layer Steel Milk Pan 1L (1.05 Qt),29.9,True,300
13,Stainless Aluminium 3-Layer Steel Saucepot 3L (3.2 Qt),59.9,True,300
14,Stainless Aluminium 3-Layer Steel Saucepot 6L (6.3 Qt),69.9,True,300
15,Fry Pan - Small,39.9,True,300
16,BALMUDA The Toaster,299.0,True,50
17,Stainless Steel Kettle,49.9,True,300
18,Lyocell Pillowcase,12.9,True,300
19,Lyocell Fitted Sheet,49.9,True,296
20,Lyocell Duvet Cover,79.9,True,296
21,Stretchable Cool Touch Pillow Case,9.9,True,296
22,Stretchable Cool Touch Fitted Sheet,39.9,True,296
23,Washed Cotton Pillowcase,9.9,True,296
24,Washed Cotton Fitted Sheet,29.9,True,296
25,Cotton Jersey Fitted Sheet,39.99,True,296
26,Cotton Jersey Duvet Cover,39.99,True,296
27,Cotton Flannel Fitted Sheet,59.9,True,288
28,Cotton Flannel Patterned Duvet Cover,99.9,True,288
29,Cotton Flannel Duvet Cover,89.9,True,288
30,Linen Plain Weave Fitted Sheet,89.99,True,288
31,Polypropylene Clear File Folder A4,3.9,True,288
32,Polypropylene Desk Organizer 1,1.4,True,288
33,Polypropylene High Transparency Photo Album 2 Rows,4.9,True,288
34,Acrylic Ruler,1.9,True,288
35,Wooden Display Case with Sliding Doors,29.9,True,288
36,Velour Partition For Rings,5.9,True,288
37,Wooden Tool Box,24.9,True,288
38,Perforated Fastening Tape - Dark Gray,2.9,True,288
39,Perforated Fastening Tape - Orange,2.9,True,288
40,Magnetic Acrylic Photo Frame - Large,14.9,True,288
41,Pencil Sharpener,9.9,True,288
42,Steel Power Strip Storage,29.9,True,288
43,Magnetic Acrylic Photo Frame - Extra Large,22.9,True,300
44,Acrylic Pen Stand Large,3.9,True,300
45,Polypropylene Binder,6.9,True,300
46,Kraft Masking Tape,1.9,True,300
47,Kraft Perforated Masking Tape - Wide,3.9,True,300
48,Kraft Perforated Masking Tape,2.9,True,300
49,Nylon Mesh Square Pen Case,4.9,True,300
50,Clear Pocket Refill Sheets,1.9,True,300
51,Paper Clip,0.99,True,300
52,Magnetic Acrylic Photo Frame - Medium,11.9,True,300
53,Bookmark Seal,1.9,True,300
54,Magnetic Acrylic Photo Frame - Landscape,19.9,True,300
55,Driver Set,9.9,True,198
56,Aluminum Calculator - 8 Digits,12.9,True,198
57,Aluminum Pen Case,7.9,True,198
58,Polycarbonate Double-Sided Ruler,3.9,True,198
59,Wooden Storage Tray 2 Drawers,29.9,True,198
60,Stainless Steel Pen Tray,6.9,True,198
61,Acrylic Storage Partition Shelf,11.9,True,300
62,Message Perforated Masking Tape,3.9,True,300
63,Gift Perforated Masking Tape,3.9,True,300
64,Adhesive Cellophane Tape,4.9,True,300
65,Handy Shredder,16.9,True,300
66,Acrylic Tissue Holder for Boxed Tissues,13.9,True,300
67,Acrylic Tissue Holder for Tabletop Tissues,8.9,True,200
68,Stainless Steel Cutter Mini,2.9,True,200
69,Stainless Steel Cutter,3.9,True,200
70,EVA Binder Case with Zipper A5 20 Holes,1.9,True,200
71,Wooden Tissue Holder for Tabletop Tissue,14.9,True,200
72,Polypropylene Cable Case with Stand,2.9,True,200
73,Steel Book Divider,2.9,True,200
74,Correction Tape Body,3.9,True,200
75,Wooden Tissue Holder for Boxed Tissue,25.9,True,288
76,Expanded Polypropylene File Folder A4,5.9,True,288
77,Non-Stick Scissors,4.9,True,288
78,PP Soft Film Clear Folder A4,4.9,True,288
79,Acrylic Storage 3 Drawers Cubby,32.9,True,288
80,Paper Binder Dividers - 5pcs,0.9,True,288
81,Loose Leaf Papers Polypropylene Cover Binder,4.9,True,288
82,Binder Index 5 Tabs,2.9,True,288
83,Correction Tape Refill Cartridge,2.9,True,288
84,Acrylic Cylindrical Case,3.9,True,288
85,Wooden Storage 1 Drawer,29.9,True,288
86,Acrylic Storage 1 Drawer Cubby,28.9,True,288
87,Aluminum Card Holder Lock Type - Large,6.9,True,288
88,Stainless Steel Card Holder - Thick,6.9,True,288
89,Acrylic Storage 3 Compartments,17.9,True,288
90,EVA Binder Case with Zipper B5 26 Holes,2.9,True,288
91,EVA Binder Case with Zipper A4 30 Holes,3.9,True,288
92,Polypropylene Case Thin 2Rows,24.9,True,288
93,Perforated Fastening Tape,2.9,True,288
94,Acrylic Stand For Eyeglasses,32.9,True,288
95,Acrylic Pen Stand,2.9,True,288
96,Wooden Stand File Box,24.9,True,288
97,Polypropylene File Partition 13 Pockets,6.9,True,288
98,Stapler without Staples,8.9,True,288
99,ABS Tape Measure,4.9,True,288
100,Stackable Velour Case for Accessories,11.9,True,288
101,Acrylic Storage 6 Drawers Cubby,34.9,True,288
102,Acrylic Tape Dispenser,2.9,True,288
103,Polypropylene Storage Case Shallow 3 Drawers,34.9,True,288
104,Stapler Pins - Staple Refills,1.9,True,288
105,Stainless Steel Left Handed Scissors,2.9,True,288
106,nan,,True,288
107,Polypropylene Case Drawer Deep,18.9,True,300
108,Polypropylene Case 2 Drawer Deep,28.9,True,300
109,Wooden Frame,19.9,True,300
110,Aluminum Card Holder,3.9,True,300
111,Polypropylene Storage Case Wide Shallow,18.9,True,300
112,Polypropylene Case Shallow,15.9,True,300
113,Polypropylene Case Drawer - Wide Deep,19.9,True,300
114,Polypropylene Case Slim Deep,15.9,True,300
115,Nylon Mesh Pouch with Pocket,5.9,True,300
116,Nylon Mesh Bag,16.9,True,300
117,Nylon Mesh Bag Organizer,16.9,True,300
118,Nylon Mesh Pen Case with Gusset,6.9,True,300
119,Polypropylene Storage Case Thin,12.9,True,288
120,Stretchy Polyester Card Holder,11.9,True,288
121,Polypropylene High Transparency Photo Album 3 Rows,4.9,True,288
122,Portable Scissors,5.9,True,288
123,Kraft Paper Binder - Dark Gray,6.9,True,288
124,Masking Tape,1.9,True,288
125,Binder A4 30 Rings,6.9,True,288
126,Kraft Paper Binder - Beige,5.9,True,288
127,ABS Resin Tape Dispenser,9.9,True,288
128,Acrylic Stand Case for Earrings & Necklace (Double Sided),29.9,True,288
129,Acrylic Frame Twin Type,3.9,True,288
130,Acrylic Storage 2 Drawers with Lid,24.9,True,288
131,Acrylic Set Square - 30/60 Degrees,1.9,True,288
132,Small Cutter Refill,2.5,True,288
133,Acrylic Cylindrical Case with Lid,3.9,True,288
134,Acrylic Small Case 2 Drawers,22.9,True,288
135,Acrylic Stand Case for Earrings and Necklace,24.9,True,300
136,Wooden Storage 3 Drawers,34.9,True,300
137,Acrylic Hanging Frame,19.9,True,300
138,Acrylic Photo Frame,6.9,True,300
139,Polypropylene Card Case,2.9,True,300
140,Wooden Storage 6 Drawers,39.9,True,300
141,Wooden File Stand,24.9,True,300
142,Wooden Letter Tray,34.9,True,300
143,Magnetic Acrylic Photo Frame - Small,8.9,True,300
144,Stapler,3.9,True,300
145,Acrylic Storage Case with Sliding Doors,27.9,True,300
146,Loose Leaf Papers - Kraft Cover Binder,3.9,True,300
147,Acrylic Storage Large Case 2 Drawers,32.9,True,300
148,Acrylic Storage 5 Drawers,44.9,True,300
149,Acrylic Storage 3 Drawers,39.9,True,300
150,Easy Stapler,5.9,True,300
151,Soft Polypropylene Case,2.9,True,300
152,Drawing Pin,2.9,True,300
153,Acrylic Protractor Semi-Circle,1.9,True,300
154,Styrene Divider,9.9,True,300
155,Clear Tape - Mini,1.9,True,300
156,Origami Paper,1.9,True,300
157,Polypropylene Case 2 Drawer Shallow,24.9,True,300
158,Polypropylene Case Drawer Slim Shallow,12.9,True,300
159,Polypropylene File Box - Wide,9.9,True,296
160,Polypropylene Pen Case Horizontal,1.9,True,296
161,Polypropylene Magazine File Holder - Wide,9.9,True,296
162,Polypropylene Magazine File Holder - Clear,6.9,True,296
163,Polypropylene File Box,5.9,True,296
164,Nonslip Cutting Ruler,5.9,True,296
165,Polypropylene Half File Box,4.9,True,296
166,Polypropylene Magazine File Holder - Wide - Clear,9.9,True,296
167,Polypropylene Pen Case,3.9,True,200
168,Velour Partition Wide,5.9,True,200
169,ABS Portable Stapler,5.9,True,198
170,Polypropylene Magazine File Holder,9.9,True,198
171,Velour Partition Deep,5.9,True,198
172,Calculator - 12 Digits,24.9,True,150
173,Polypropylene Glasses and Small Object Case,3.9,True,100
174,Acrylic Storage Rack,16.9,True,200
175,Perforate Masking Tape,4.9,True,200
176,Cellophane Tape,2.9,True,200
177,Polypropylene Storage Case Wide Extra Shallow 2 Drawers,20.9,True,300
178,Men's Washed Broadcloth Short Sleeve Patterned Shirt,29.9,True,12
179,Men's Washed Oxford Button Down Short Sleeve Striped Shirt,34.9,True,300
180,Men's Washed Broadcloth Short Sleeve Shirt,29.9,True,200
181,Men's Washed Oxford Button Down Short Sleeve Shirt,34.9,True,200
182,Men's Denim Long Sleeve Shirt,39.9,True,300
183,Men's Washed Oxford Button Down Patterned Short Sleeve Shirt,34.9,True,300
184,Men's Non-Iron Button Down Shirt,49.9,True,300
185,Men's Non-Iron Semi Wide Collar Shirt,49.9,True,30
186,Men's Cool Touch Pique Button Down Short Sleeve Polo Shirt,29.9,True,198
187,Men's Madras Check Button Down Short Sleeve Shirt,39.9,True,198
188,Men's Breathable Stretch Short Sleeve Shirt,34.9,True,198
189,Men's Madras Check Open Collar Short Sleeve Shirt,39.9,True,16
190,Men's Jersey Short Sleeve Knit Polo Shirt,39.9,True,12
191,Men's Hemp Blend Short Sleeve Shirt,49.9,True,12
192,Men's Linen Short Sleeve Shirt,49.9,True,200
193,Men's Washed Pique Polo Shirt,34.9,True,200
194,Men's Washed Pique Striped Polo Shirt,34.9,True,200
195,Men's Linen Stand Collar Long Sleeve Shirt,54.9,True,200
196,Men's Cool Touch Wide Half-Sleeve Polo Shirt,34.9,True,200
197,Men's Linen Stand Collar Long Sleeve Patterned Shirt,54.9,True,200
198,Men's Hemp Blend Long Sleeve Shirt,54.9,True,7
199,Men's Non-Iron Button Down Striped Shirt,49.9,True,300
200,Men's Non-Iron Semi Wide Collar Striped Shirt,49.9,True,30
201,Men's Non-Iron Relaxed Fit Long Sleeve Shirt,49.9,True,300
202,Men's Washed Oxford Stand Collar Patterned Long Sleeve Shirt,39.9,True,25
203,Men's Washed Oxford Button Down Patterned Shirt,39.9,True,300
204,Men's Non-Iron Cutaway Collar Long Sleeve Shirt,49.9,True,25
205,Men's Washed Oxford Button Down Shirt,39.9,True,12
206,Men's Broad Shirt,29.9,True,8
207,Men's Broad Patterned Shirt,29.9,True,12
208,Men's Flannel Long Sleeve Patterned Shirt,39.9,True,300
209,Men's Wrinkle-Resistant Long Sleeve Shirt,39.9,True,300
210,Men's Non-Iron Semi Wide Collar Patterned Shirt,49.9,True,30
211,Men's Wrinkle-Resistant Button Down Shirt,39.9,True,10
212,Men's Cool Touch Pique Button Down Polo Shirt,29.9,True,8
213,Men's Washed Broad Shirt,39.9,True,20
214,Men's Washed Pique Polo Shirt Stripe,19.9,True,25
215,Men's High Twist Pique Polo Shirt,29.9,True,8
216,SUS Shelving Unit - Stainless Steel - Regular - Large,400.0,True,50
217,SUS Shelving Unit - Stainless Steel - Wide - Medium,400.0,True,50
218,SUS Shelving Unit - Stainless Steel - Regular - Medium,350.0,True,50
219,SUS Shelving Unit Additional Frame - Stainless Steel / Oak - Medium,75.0,True,300
220,SUS Shelving Unit - Stainless Steel - Regular - Small,300.0,True,50
221,SUS Shelving Unit Cross Bar - Stainless Steel / Oak,20.0,True,198
222,SUS Shelving Unit - Light Gray - Wide - Medium,250.0,True,198
223,SUS Shelving Unit - Light Gray - Regular - Medium,200.0,True,198
224,SUS Shelving Unit Additional Shelf - Light Gray - Wide,50.0,True,300
225,SUS Shelving Unit Additional Shelf - Light Gray - Regular,40.0,True,300
226,SUS Shelving Unit Additional Frame - Light Gray,,True,50
227,SUS Shelving Unit - Light Gray - Regular - Large,250.0,True,50
228,SUS Shelving Unit Cross Bar - Light Gray - Wide,15.0,True,200
229,SUS Shelving Unit - Light Gray - Regular - Small,150.0,True,200
230,SUS Shelving Unit Cross Bar - Light Gray - Small,10.0,True,200
231,Women's 4-Way Stretch Chino Wide Pants,49.9,True,198
232,Women's 4-Way Stretch Chino Darted Wide Pants,49.9,True,198
233,Women's 4-Way Stretch Chino Slim Tapered Pants (L 32inch / 80cm),49.9,True,198
234,Women's 4-Way Stretch Chino Wide Straight Pants (L 32inch / 80cm),49.9,True,198
235,Women's 4-Way Stretch Chino Slim Tapered Pants (L 32inch / 82cm),49.9,True,198
236,Women's Water Repellent Stretch Tuck Tapered Pants,49.9,True,198
237,Women's 4-Way Stretch Chino Slim Tapered Pants (L 30inch / 75cm),49.9,True,198
238,Women's Water Repellent Stretch Tuck Wide Pants,39.99,True,198
239,Men's Hemp Blend Short Pants,49.9,True,198
240,Women's Stretchy Hemp Mix Jumpsuit,89.9,True,25
241,Women's Linen Short Pants,39.99,True,10
242,Men's Hemp Blend Shirt Jacket,79.9,True,16
243,Men's Hemp Blend Crew Neck Short Sleeve Sweater,49.9,True,10
244,Men's Hemp Blend Shirt Cardigan,49.9,True,12
245,Women's Washed Linen Skipper Collar Short Sleeve Striped Dress,49.99,True,50
246,Women's Stretchy Hemp Mix Straight Skirt,59.9,True,12
247,Women's Washed Linen Regular Collar Long Sleeve Striped Shirt,54.9,True,25
248,Women's Washed Linen Regular Collar Long Sleeve Shirt,54.9,True,10
249,Men's Hemp Blend Straight Pants,59.9,True,16
250,Women's Hemp Blend V-Neck Sweater,49.9,True,12
251,Women's Stretchy Hemp Mix Straight Pants,69.9,True,12
252,Japanese Thin Wheat Somen Noodles,11.9,True,300
253,Korean Style Spicy Sesame Sauce,9.9,True,200
254,Men's Washable Ribbed Crew Neck Sweater,39.99,True,10
255,Men's Washable Ribbed Full Zip Cardigan,39.99,True,12
256,Men's Washed Jersey Polo Shirt,24.99,True,12
257,Men's Washable Ribbed Striped Crew Neck Sweater,39.99,True,300
258,Excess Yarn Beanie,19.0,True,300
259,Water Repellent Touchscreen Gloves,15.0,True,75
260,Wool Ribbed Beanie,19.0,True,42
261,Labo Brushed Lining Half Zip Pullover,49.99,True,300
262,Men's Washed Oxford Stand Collar Long Sleeve Shirt,24.99,True,12
263,Men's Non-Iron Jersey Button Down Shirt,29.99,True,15
264,Men's Water Repellent Stand Collar Down Coat,119.99,True,300
265,Less Tiring Sneakers Burgundy,24.99,True,300
266,Wool Scarf Patterned 30x180cm,16.0,True,300
267,Wool Large Stole 60x200cm,30.0,True,300
268,Boucle Touchscreen Gloves,12.0,True,300
269,Men's Knit Corduroy Jacket,59.99,True,300
270,Men's Washable Milano Rib Crew Neck Wide Sweater,24.99,True,300
271,Men's Washed Oxford Stand Collar Shirt,24.99,True,300
272,Wool Woven Scarf - Pattern 30x180cm,16.0,True,200
273,Fleece Neck Warmer 23x29cm,10.0,True,200
274,Wool Woven 2 Way Large Stole 60x200cm,30.0,True,100
275,Labo Water Repellent Down Coat,179.99,True,50
276,Men's Water Repellent Corduroy Collar Jacket,79.99,True,300
277,Wool Woven Large Stole 60x200cm,30.0,True,300
278,TPU Clear Case,5.9,True,300
279,Polyester Hanging Case With Pouch,19.9,True,198
280,Polyester Hanging Toiletry Case,19.9,True,198
281,Polyester Gusset Case - Double,13.9,True,198
282,Assorted Zip Locked Divided Bags,2.9,True,198
283,EVA Spa Pouch,19.9,True,198
284,EVA Pouch,19.9,True,198
285,Polyester Gusset Case,9.9,True,300
286,EVA Clear Case,1.9,True,300
287,Blue White Porcelain Mug Cup 500mL,12.0,True,300
288,Blue White Porcelain Mug Cup 350mL,12.0,True,300
289,Blue White Porcelain Round Tea Cup,6.0,True,200
290,Blue White Porcelain Chinese Spoon,5.0,True,200
291,Blue White Porcelain Oval Dish,18.0,True,200
292,"Blue White Porcelain Bowl 7.7"" x 2.2""",15.0,True,200
293,"Blue White Porcelain Bowl 6.1"" x 2.2""",10.0,True,200
294,"Blue White Porcelain Round Dish 10.2"" x 0.8""",18.0,True,300
295,Polypropylene Container Dark Gray,9.9,True,200
296,Wool Felt Animal - Sheep,19.9,True,150
297,Wool Felt Animal - Parent & Baby Goat,24.9,True,198
298,Wool Felt Animal - Donkey,24.9,True,198
299,Wool Felt Animal - Standing Rabbit,14.9,True,198
300,Wool Felt Animal - Argali,24.9,True,300
301,Wool Felt Animal - Snow Leopard,24.9,True,300
302,Wool Felt Animal - Sitting Rabbit,14.9,True,200
303,Cotton Plain Weave Insole Slippers - Yellow,18.9,True,200
304,Cotton Plain Weave Insole Slippers - Navy,18.9,True,75
305,Malay Grass Open Toe Slippers,24.9,True,50
306,Igusa Open Toe Slippers,24.9,True,50
307,Cotton Plain Weave Insole Slippers,16.9,True,37
308,Jersey Knitted Cushion Slipper,14.9,True,37
309,Soft Slippers,12.9,True,37
310,Cotton Soft Slippers,12.9,True,18
311,Monthly/Weekly Vertical Planner From August 2024 - White B6 - Monday Start,11.9,True,300
312,Monthly/Weekly Vertical Planner From August 2024 - White A5 - Monday Start,13.9,True,300
313,Monthly/Weekly Planner From August 2024 - White Gray A5 - Monday Start,13.9,True,300
314,Monthly/Weekly Planner From August 2024 - Dark Gray B6 - Monday Start,11.9,True,300
315,Monthly/Weekly Planner From August 2024 - White Gray B6 - Monday Start,11.9,True,300
316,Monthly/Weekly Planner From August 2024 - White Gray A6 - Monday Start,10.9,True,300
317,Monthly Planner From August 2024 - A5 - Sunday Start,7.9,True,300
318,Monthly/Weekly Planner From August 2024 - Dark Gray A6 - Monday Start,10.9,True,200
319,Monthly Planner From August 2024 - B5 - Monday Start,8.9,True,200
320,Monthly Planner From August 2024 - A5 - Monday Start,7.9,True,200
321,Monthly Planner From August 2024 - A6 - Monday Start,5.9,True,200
322,Monthly Planner From August 2024 - A6 - Sunday Start,5.9,True,200
323,Monthly Planner From August 2024 - B6 - Monday Start,6.9,True,200
324,Monthly Planner From August 2024 - B6 - Sunday Start,6.9,True,200
325,Recycled Paper Weekly Planner,1.9,True,200
326,Kraft Paper Monthly Planner,2.9,True,300
327,Recycled Paper Monthly Planner,1.9,True,300
328,High Quality Paper Schedule Note,8.9,True,200
329,High Quality Paper Daily Schedule,7.9,True,200
330,Kraft Paper Planner,9.9,True,200
331,Cool Touch Patterned Scarf with Pocket,14.9,True,200
332,Cool Touch Scarf with Pocket,14.9,True,300
333,Cotton Twill Cap,29.9,True,300
334,Water Repellent Sealing Taped Cap,29.9,True,60
335,Kapok Blend Bucket Hat Natural,44.9,True,300
336,Cotton Twill Bucket Hat,39.9,True,75
337,Kapok Blend Bucket Hat Indigo Blue,44.9,True,300
338,Water Repellent Sealing Taped Safari Hat,39.9,True,60
339,Water Repellent Sealing Taped Bucket Hat,39.9,True,60
340,Water Repellent Boa Fleece Cap,39.9,True,200
341,Knapsack,29.9,True,200
342,Less Tiring Backpack,39.9,True,75
343,Less Tiring Water Repellent Backpack,39.9,True,75
344,Jute Bag Small/B5,6.9,True,300
345,Jute Bag Medium/A4,7.9,True,300
346,Jute Bag Tall/A4,7.9,True,300
347,Indian Handwoven Mini Tote Bag - Black,19.9,True,200
348,Indian Handwoven Mini Tote Bag - Green,19.9,True,200
349,Indian Handwoven Mini Tote Bag - Red,19.9,True,200
350,Indian Handwoven Mini Tote Bag - Natural,19.9,True,200
351,Less Tiring Slip-On Sneakers Off White,39.9,True,200
352,Less Tiring Slip-On Sneakers - Black,39.9,True,200
353,Less Tiring Sneakers - Black,39.9,True,200
354,Less Tiring Sneakers - Charcoal Gray,39.9,True,200
355,Less Tiring Sneakers - Off White,39.9,True,20
356,Less Tiring Sneakers Black,39.9,True,200
357,Wooden Shoehorn Long,8.9,True,200
358,Wooden Shoehorn Small,4.9,True,200
359,Less Tiring Sneakers Off White,39.9,True,200
360,Seamless Toe High Cut No-Show Socks with Heel Grip,4.9,True,25
361,Right Angle No Elastic Loose Fit Socks,4.9,True,16
362,Right Angle No Elastic High Socks,4.9,True,33
363,Right Angle Loose Top Short Socks,4.9,True,16
364,Right Angle Breathable Mesh Sneaker Socks,4.9,True,200
365,Lustrous Cotton Yarn Patterned Socks,4.9,True,200
366,Lustrous Cotton Yarn Ribbed Socks,4.9,True,200
367,Right Angle Excess Yarn 3 Pair Socks,12.9,True,200
368,Lustrous Cotton Yarn Pattern Stitch Socks,4.9,True,40
369,Markable Umbrella - Light Gray,14.9,True,300
370,Markable Umbrella Navy,14.9,True,300
371,All-Weather Foldable Umbrella Dark Green Check,19.9,True,200
372,All-Weather Foldable Umbrella Black Check,19.9,True,200
373,All-Weather Foldable Umbrella Light Gray,19.9,True,300
374,Markable Umbrella Beige,14.9,True,300
375,All-Weather Foldable Umbrella Beige,19.9,True,200
376,All-Weather Foldable Umbrella Black,19.9,True,200
377,Markable Umbrella Black,14.9,True,200
378,Wool Blend Touchscreen Gloves,19.9,True,200
379,Recycled Polyester Blend Arm Warmer,19.9,True,200
380,Wool Blend Touchscreen Gloves - Patterned,19.9,True,150
381,Women's Side Seamless Flannel Pajamas,69.9,True,7
382,Women's Side Seamless Double Gauze Pajamas,59.9,True,288
383,Women Organic Cotton Side Seamless Pajamas,49.9,True,288
384,Women's Organic Cotton Side Seamless Stand Collar Pajamas,49.9,True,288
385,Women's Smooth Ribbed Long Pants,29.9,True,288
386,Women's Moisture-Wicking Cotton Short Sleeve Loungewear Set,39.9,True,288
387,Women's Wearable Piled Towel Short Sleeve Pajamas,59.9,True,288
388,Women's Stretch Ribbed Straight Leggings,14.9,True,288
389,Women's Pile Ribbed Long Pants,29.9,True,288
390,Women's Rayon Blend Ribbed Tunic Loungewear Set,49.9,True,288
391,Women's Straight Sweatpants,29.9,True,288
392,Women's Sweatpants,29.9,True,288
393,Women's French Terry Straight Pants,29.9,True,288
394,Women's Wide Ribbed Long Cardigan,29.9,True,288
395,Women's Stretch French Terry Hem Squeezing Pants,39.9,True,288
396,Women's Smooth Ribbed Long Cardigan,49.9,True,288
397,Women's Stretch French Terry Pants,29.9,True,288
398,Women's Stretch Ribbed Turtle Neck Patterned Long Sleeve T-Shirt,19.9,True,288
399,Women's Stretch Ribbed Turtle Neck Long Sleeve T-Shirt,19.9,True,288
400,Women's Cool Touch Boat Neck Short Sleeve T-Shirt,29.9,True,288
401,Women's Interlock Crew Neck Long Sleeve T-Shirt,19.9,True,288
402,Women's Cool Touch Blouse T-Shirt,19.9,True,288
403,Women's Slub Yarn Short Length Short Sleeve T-Shirt,19.9,True,288
404,Women's Anti-Sweat Stain Sleeveless T-Shirt,19.9,True,288
405,Women's Crew Neck Short Sleeve Striped T-Shirt,25.9,True,288
406,Women's Anti-Sweat Stain Short Sleeve T-Shirt,25.9,True,288
407,Women's Cool Touch Wide Short Sleeve T-Shirt,25.9,True,288
408,Women's Jersey French Sleeve T-Shirt,12.9,True,288
409,Women's Jersey Crew Neck Short Sleeve T-Shirt,12.9,True,288
410,Women's Stretch Ribbed Short Sleeve T-Shirt,19.9,True,288
411,Women's Stretch Ribbed Short Sleeve Striped T-Shirt,19.9,True,288
412,Women's Striped Boatneck 3/4 Sleeve T-Shirt,39.9,True,288
413,Women's Stretch Ribbed Crew Neck Long Sleeve T-Shirt,24.9,True,288
414,Women's Jersey Crew Neck Long Sleeve T-Shirt,16.9,True,288
415,Women's Jersey Boat Neck 3/4 Sleeve T-Shirt,14.9,True,288
416,Women's Interlock Knit Crew Neck Long Sleeve T-Shirt,19.9,True,288
417,Women's Stretch Ribbed Mock Neck Long Sleeve T-Shirt,19.9,True,288
418,Women's Interlock Long Length L/S T-Shirt,29.9,True,288
419,Water Ink Hex 10 Color Pen,9.9,True,288
420,Water Ink Pen 10 Pieces Set - Mini,6.9,True,288
421,Water Ink Hex Twin Pen 10 Pieces Set,14.9,True,288
422,Water Ink Double Ended Pen 10 Pieces Set,14.9,True,288
423,Highlighter,1.9,True,288
424,Oil-Based Ink Twin Tip Permanent Marker,2.5,True,288
425,Soft Calligraphy Pen,3.9,True,288
426,Clear Tip Double Ended Highlighter,2.5,True,288
427,Retractable Highlighter,2.5,True,288
428,Cut Cotton Ecru - Large Type (68 Pads),4.9,True,288
429,Compressed Facial Mask Sheets,7.9,True,288
430,Cut Cotton Ecru,4.9,True,300
431,Portable Eyelash Curler,6.9,True,300
432,Cosmetic Paper,1.9,True,300
433,Eyelash Curler,9.9,True,300
434,Safety Scissors with Case,14.9,True,300
435,Portable Lens Wipes,1.5,True,300
436,Peelable Cotton (66 Pads),4.9,True,300
437,Cotton Puff,4.9,True,300
438,Stainless Steel Spatula,3.9,True,300
439,Eyebrow Scissors,14.9,True,300
440,Aluminum Compact Mirror - Medium,8.9,True,300
441,Aluminum Compact Mirror,12.9,True,300
442,Lip Brush,6.9,True,300
443,Eyebrow Brush with Comb,6.9,True,300
444,Cosmetic Pencil Sharpener,3.9,True,300
445,Nail Clippers with Cover,9.9,True,300
446,Portable Razor Type 2pcs,2.9,True,300
447,Sponge Puff for Liquid Foundation,3.5,True,300
448,Eye Shadow Sponge,6.9,True,300
449,Portable Cheek Brush,16.9,True,300
450,Foldable Nail File,5.9,True,300
451,Polyester Eye Shadow Brush,6.9,True,300
452,T-Shape Razor,2.9,True,300
453,Toe Separator,3.9,True,300
454,Nail File Soft Type Pack of 2,2.9,True,300
455,Loose Powder Puff,3.9,True,300
456,Nail Polisher,1.9,True,300
457,Facial Mask Part Sheets,2.9,True,300
458,Nail File Coarse Type Pack of 2,2.9,True,300
459,Sponge Puff 4 Pieces Set,4.9,True,300
460,Tweezers,7.9,True,300
461,Soft Sponge Puff 2 Pieces Set,2.9,True,300
462,Polyester Cheek Brush,19.9,True,300
463,Polyester Face Brush,29.9,True,300
464,Women's Cool Touch Broadcloth Stand Collar Patterned Short Sleeve Dress,59.9,True,300
465,Women's Double Knitted Sweatshirt Jumper Skirt,49.9,True,300
466,Women's High-Twist Veil French Sleeve Dress,89.9,True,300
467,Women's Seersucker Jumpsuit,39.99,True,300
468,Women's High Twisted Veil Sleeveless Dress,79.9,True,300
469,Women's High Twisted Veil Camisole Dress,79.9,True,300
470,Body Wash Refill 34 fl oz,14.9,True,300
471,Shampoo 12 fl oz,9.9,True,300
472,Hand Soap 12 fl oz,9.9,True,300
473,Body Wash 12 fl oz,9.9,True,300
474,Conditioner Refill 34 fl oz,14.9,True,300
475,Shampoo Refill 34 fl oz,14.9,True,300
476,Polypropylene Makeup Box,1.9,True,300
477,Polypropylene Makeup Box Lid,1.9,True,300
478,Nylon Makeup Box,29.9,True,300
479,Foot-Shaped Sandals,9.99,True,300
480,Flip-Flops,9.99,True,300
481,Sneaker Sandals,29.99,True,300
482,Kraft Paper Gift Box For Clothing,2.9,True,300
483,Kraft Paper Gift Box,1.9,True,300
484,Smooth Gel Knock Type Pen 0.5mm 10 Colors Set,14.9,True,300
485,Gel Ink Cap Type Ballpoint Pen 0.5mm,1.9,True,300
486,Smooth Gel Ink Knock Type Ballpoint Pen 0.5mm,1.9,True,300
487,"Men's Stretch Denim Slim Pants Dark Navy (L32"")",49.9,True,300
488,"Men's Stretch Denim Slim Pants Blue (L30"")",49.9,True,300
489,"Men's Super Stretch Denim Skinny Pants Dark Navy (L32"")",49.9,True,300
490,Men's Denim Regular Pants Blue (L 30inch / 76cm),49.9,True,300
491,Men's Denim Regular Pants Blue (L 32inch / 82cm),49.9,True,300
492,Men's Denim Wide Pants Black (30 Inch / 76 cm),49.9,True,300
493,Men's Denim Wide Pants Dark Navy (30 Inch / 76 cm),49.9,True,300
494,Men's Denim Wide Pants Blue (30 Inch / 76 cm),49.9,True,300
495,Men's Stretch Denim Slim Pants Dark Navy (L 30inch / 76cm),49.9,True,300
496,Men's Super Stretch Denim Skinny Pants Charcoal Grey (L 30inch / 76cm),49.9,True,288
497,Men's Knitted Denim Jogger Sweatpants,29.99,True,288
498,Men's Stretch Denim Slim Pants Dark Navy (L 32inch / 82cm),49.9,True,288
499,Men's Denim Regular Pants Dark Navy (L 30inch / 76cm),49.9,True,288
500,Men's Denim Regular Pants Black (L 32inch / 82cm),49.9,True,288
501,Men's Stretch Denim Slim Pants Black (L 32inch / 82cm),49.9,True,288
502,Men's Denim Easy Pants,39.9,True,288
503,Men's Super Stretch Denim Skinny Pants Black (L 30inch / 76cm),49.9,True,288
504,Men's Denim Regular Pants - Dark Navy (L 32inch / 82cm),49.9,True,288
505,"Men's Super Stretch Denim Skinny Pants Black (L32"")",49.9,True,288
506,"Men's Stretch Denim Slim Pants Black (L32"")",49.9,True,288
507,Men's Denim Regular Fit Pants Black (L 32inch / 82cm),49.9,True,288
508,"Men's Denim Regular Pants - Dark Navy (L 32inch / 82cm) W30-31""",49.9,True,288
509,Men's Stretch Denim Slim Pants Blue (L 32 inch / 82cm),49.9,True,288
510,Men's Super Stretchy Denim Skinny Pants Black (L 30inch / 76cm),49.9,True,288
511,Men's Super Stretch Denim Skinny Pants Charcoal Gray (L 32inch / 82cm),49.9,True,288
512,Men's Stretch Denim Slim Pants Black (L 30inch / 76cm),49.9,True,288
513,Men's Super Stretch Denim Skinny Pants Dark Navy (L 30inch / 76cm),49.9,True,288
514,Men's Super Stretch Denim Skinny Pants Black (L32inch / 82cm),49.9,True,288
515,Men's Stretch Denim Slim Pants Blue (L 30inch / 76cm),49.9,True,288
516,Men's Super Stretch Denim Skinny Pants Charcoal Gray (L 30inch / 76cm),49.9,True,288
517,Men's Super Stretch Denim Skinny Pants Dark Navy (L30inch / 76cm),49.9,True,288
518,Men's Super Stretch Denim Skinny Pants Dark Navy (L 32inch / 82cm),49.9,True,288
519,SUS Shelving Unit Additional Narrow Shelf - Oak - Wide,40.0,True,288
520,SUS Shelving Unit - Oak - Regular - Small,300.0,True,300
521,SUS Shelving Unit Additional Shelf - Oak,80.0,True,300
522,2-Way Foldable All-Weather Umbrella Beige,24.9,True,300
523,Less Tiring Water Repellent Backpack - Medium Gray,39.9,True,300
524,Water Repellent Cushioned Sneakers with Laces Black,39.9,True,300
525,Water Repellent Cushioned Sneakers with Laces Olive Green,39.9,True,300
526,Less Tiring Slip-On Sneakers Black,39.9,True,300
527,Water Repellent Cushioned Sneakers with Laces Off White,39.9,True,300
528,Water Repellent Cushioned Sneakers with Laces Black Sole,39.9,True,300
529,Labo Unisex Water Repellent Double Knitted Short Sleeve Pullover,70.0,True,300
530,Men's Water Repellent Wind Pants,59.9,True,300
531,Labo Unisex Water Repellent Double Knitted Short Cargo Pants,70.0,True,300
532,Less Tiring Sneakers Light Gray,39.9,True,300
533,Labo Unisex Water Repellent Double Knitted Long Sleeve Pullover,70.0,True,300
534,Labo Unisex Water Repellent Double Knitted Pullover Hoodie,80.0,True,300
535,Women's Water Repellent Pocketable Parka,49.9,True,300
536,Labo Unisex Water Repellent Double Knitted Straight Pants,90.0,True,300
537,Men's Water Repellent Pocketable Parka,49.9,True,300
538,2-Way Water Repellent Shoulder Bag,24.9,True,300
539,Women's Wrinkle Resistant Pleated Straight Pants,49.9,True,300
540,Less Tiring Sneakers Light Beige,39.9,True,300
541,2-Way Water Repellent Sacoche / Crossbody Bag,12.9,True,300
542,Less Tiring Sneakers Natural,39.9,True,300
543,Men's Light Waterproof Padding Walking Vest,49.99,True,300
544,2-Way Water Repellent Mini Sacoche / Crossbody Bag,9.9,True,300
545,Women's Water Repellent Pocketable Hooded Jacket,69.9,True,300
546,Men's Water Repellent Hooded Jacket,59.9,True,300
547,Women's Water Repellent Trench Coat,109.9,True,300
548,Women's Water Repellent Hooded Jacket,69.9,True,300
549,Less Tiring Sneakers Gray Pattern,39.9,True,300
550,Less Tiring Sneakers Charcoal Gray,39.9,True,300
551,Women's Recycled Polyester Tapered Pants,24.99,True,300
552,Labo Unisex Water Repellent Pants,100.0,True,300
553,Organic Cotton Comfortable Water Repellent Sneakers (US M7.5-11),29.9,True,300
554,Collapsible Shopping Cart,29.9,True,300
555,Men's Water Repellent Nylon Windbreaker,59.9,True,300
556,Men's 4-Way Stretch Chino Slim Pants Inseam (L 30inch / 76cm),49.9,True,300
557,Labo Unisex High Density Stand Collar Jacket,159.0,True,300
558,Men's Water Repellent Tapered Pants,49.9,True,300
559,Men's Water Repellent Stretch Jacket,89.9,True,300
560,Men's Stretch Chino Slim Fit Pants (L 32inch / 82cm),49.9,True,300
561,Men's 4-Way Stretch Chino Slim Pants Inseam 85cm,49.9,True,300
562,Men's Water Repellent Jacket,49.99,True,300
563,Water Repellent Boa Neck Warmer,15.9,True,300
564,Less Tiring Sneakers Light Purple,39.9,True,300
565,Labo Unisex Water Repellent Blouson,150.0,True,300
566,Labo Unisex High Density Stand Collar Coat,169.0,True,300
567,Water Resistant Gloves,24.9,True,300
568,Reed Diffuser - Rose Blend,39.9,True,300
569,Reed Diffuser - French Lavender,39.9,True,300
570,Reed Diffuser - Peppermint,39.9,True,288
571,Essential Oil Reed Diffuser - French Lavender,39.9,True,288
572,Essential Oil Reed Diffuser - Rose Blended,39.9,True,288
573,Rattan Sticks for Reed Diffuser - Black,7.9,True,288
574,Rattan Sticks for Reed Diffuser - Natural,7.9,True,288
575,Women's Cool Touch Broadcloth Patterned Flared Skirt,89.9,True,288
576,Women's Cool Touch Broadcloth Flared Skirt,89.9,True,288
577,Women's High Twisted Veil Gathered Skirt,69.9,True,288
578,Women's Denim Regular Pants Blue,49.9,True,288
579,Women's Denim Regular Pants - Dark Navy (L 31inch / 79cm),49.9,True,288
580,Women's Stretch Denim Slim Pants Dark Navy (L 30inch / 75cm),49.9,True,288
581,Women's UV Protection Quick Dry Short Pants,39.9,True,288
582,Women's Super Stretch Denim Skinny Pants Black (L 30inch / 75cm),49.9,True,288
583,Women's Stretch Denim Slim Pants Black,49.9,True,288
584,Women's Denim Regular Pants Black,49.9,True,288
585,Women's Washed Broadcloth Short Pants,24.9,True,288
586,Women's Seersucker Tapered Pants,49.9,True,288
587,Women's Stretch Denim Pleated Shorts,39.9,True,288
588,Women's Stretch Jersey Leggings (Full Length),14.9,True,288
589,Women's Stretch Pleated Shorts,39.9,True,288
590,Women's Quick Dry Biker Shorts,29.9,True,288
591,Women's Super Stretchy Denim Short Pants Black,39.9,True,288
592,Women's Super Stretchy Denim Short Pants Dark Navy,39.9,True,288
593,Women's Super Stretchy Denim Short Pants Blue,39.9,True,288
594,Women's Parachute Easy Pants,24.99,True,288
595,Women's Wrinkle Resistant Darted Tapered Pants,49.9,True,288
596,Women's Quick Dry Leggings,29.9,True,288
597,Women's UV Protection Quick Dry Sweatpants,49.9,True,288
598,Women's Denim Wide Baggy Pants,49.9,True,288
599,Women's Kapok Blend Tucked Pants,39.99,True,288
600,Women's Denim Baggy Pants,49.9,True,288
601,Women's UV Protection Sweatpants,39.9,True,288
602,Women's 4 Way Stretch Denim Skinny Ankle Pants (L 28inch / 70cm),49.9,True,288
603,Women's Denim Regular Pants Blue (L 30inch / 77cm),49.9,True,288
604,Women's Super Stretch Denim Skinny Pants Dark Navy (L 30inch / 75cm),49.9,True,288
605,Women's Stretch Denim Flared Pants Black (L 31inch / 77cm),49.9,True,288
606,Women's Stretch Denim Slim Pants Blue (L 30inch / 75cm),49.9,True,288
607,Women's Stretch Denim Relaxed Wide Pants,49.9,True,288
608,"Women's Super Stretch Denim Skinny Pants Dark Navy (L 30"" / 76 cm)",49.9,True,288
609,Women's Stretch Denim Flared Pants Blue (L 31inch / 77cm),49.9,True,288
610,Women's Stretch Slim Denim Pants Natural,49.9,True,288
611,Women's Denim Wide Baggy Pants Natural,49.9,True,288
612,Women's Super Stretch Denim Skinny Pants Blue (L 30inch / 75cm),49.9,True,288
613,Women's Denim Regular Pants Dark Navy (L 30inch / 77cm),49.9,True,288
614,Women's Denim Regular Pants Black (L 30inch / 77cm),49.9,True,288
615,Women's Stretch Denim Slim Pants Natural (L 30inch / 75cm),49.9,True,288
616,Women's Denim Regular Pants (L 30inch / 77cm),49.9,True,288
617,Women's Denim Regular Pants Natural (L 30inch / 77cm),49.9,True,288
618,Bamboo Corner Rack 3 Tiers,34.9,True,288
619,Bamboo Multi-Purpose Rack 1 Tier,19.9,True,288
620,Bamboo Corner Rack 1 Tier,14.9,True,288
621,Bamboo Folding Stool,59.9,True,288
622,Toilet Brush With Case,5.9,True,288
623,Foaming Net Ball,1.9,True,288
624,Porcelain Toothbrush Stand,4.9,True,288
625,White Porcelain Tray,6.9,True,288
626,Side Seamless Pile Bathrobe,59.9,True,288
627,Pile Weave Bath Towel,19.9,True,288
628,Twin Pile Bath Towel with Loop,19.9,True,288
629,Men's Wide Sweatpants,29.9,True,288
630,Men's French Terry Short Pants,19.9,True,288
631,Men's Polyester Rayon Short Sleeve Loungewear Set,19.9,True,288
632,Men's Short Sleeve Loungewear Set,39.9,True,288
633,Men's Shijira Jinbei Loungewear Set,69.9,True,288
634,Men's Lyocell Blend Waffle Weave Jinbei Loungewear Set,69.9,True,288
635,Adjustable Handle Hard Shell Suitcase 88L | Check-In,259.9,True,288
636,High-Twist Cotton Buttoned Bolero,49.9,True,288
637,Cotton Silk Scarf with Pocket,24.9,True,288
638,Tabletop Bamboo Tissue Paper,2.9,True,288
639,Paper Towel,2.9,True,288
640,Tile Grout Brush,2.9,True,288
641,Cleaning System Floor Mop,8.9,True,288
642,Cleaning System Outdoor Broom,7.9,True,288
643,Replaceable Head Telescopic Pole,7.9,True,288
644,Portable Lint Roller Refill,3.9,True,288
645,Polypropylene Dust Bin with Lid - Mini,5.9,True,288
646,Cleaning System Wooden Pole,19.9,True,288
647,Cleaning System Wooden Short Pole,15.9,True,288
648,Polypropylene Lid for Dust Bin With Sliding Window,12.9,True,288
649,Kraft Tissue Holder - Table Top,1.9,True,288
650,Kraft Tissue Holder - For Soft Pack Tissue,2.9,True,288
651,Bamboo Tissue Paper,3.9,True,288
652,Beech Polishing Brush for Shoes,4.9,True,288
653,Replaceable Head Lightweight Short Pole,3.9,True,288
654,Cleaning System Outdoor Dustpan,6.9,True,288
655,Cleaning System Flooring Mop Case,6.9,True,288
656,Cleaning System Dustpan,3.9,True,288
657,Portable Lint Roller for Clothes,6.9,True,288
658,Polypropylene Dust Bin with Lid,14.9,True,288
659,Polypropylene Dust Box Without Lid,21.9,True,288
660,Replacement Head Bathroom Brush,5.9,True,288
661,Pocket Tissue,5.9,True,288
662,Cleaning System Carpet Cleaner,8.9,True,288
663,Cleaning System Squeegee,7.9,True,288
664,Lint Roller for Clothes,6.9,True,288
665,Carpet Cleaner Refill,1.9,True,288
666,Desk Broom With Dustpan,3.9,True,288
667,Refill Sheets for Floor Mop (Wet),1.9,True,288
668,Lid for Polypropylene Dust Box,6.9,True,288
669,Clothes Lint Roller Refill,3.9,True,288
670,Adhesive Roller Refill,5.9,True,288
671,Urethane Foam Sponge Refill,1.9,True,288
672,Refill Sheets for Floor Mop (Dry),1.9,True,288
673,Cleaning System Broom,6.9,True,288
674,Microfiber Mop Pad (Dry),5.9,True,288
675,Deck Brush,6.9,True,288
676,Microfibre Mini Duster Refill,4.9,True,288
677,Cleaning System Microfiber Mop Pad (Wet),5.9,True,288
678,Red Cedar Shoes Keeper,27.9,True,288
679,Beech Clothes Brush,8.9,True,288
680,Oak Dust Bin with Wire Frame - No Lid,54.0,True,288
681,Triple Layer Cleaning Sponge,3.9,True,288
682,Double Fastener Case,5.9,True,288
683,Polyester Laptop Cover,10.9,True,288
684,Polyester Laptop Cover with Pocket,13.9,True,288
685,Always-On Laptop Case,34.9,True,288
686,Pure Essential Oil - French Lavender,19.9,True,288
687,Pure Essential Oil - Clear,19.9,True,288
688,Pure Essential Oil - Rose Blended,19.9,True,288
689,Pure Essential Oil - Eucalyptus,19.9,True,288
690,Pure Essential Oil - Yuzu,19.9,True,288
691,Pure Essential Oil - Good Night,19.9,True,288
692,Pure Essential Oil - Cedarwood,19.9,True,288
693,Pure Essential Oil - Lemongrass,19.9,True,288
694,Pure Essential Oil - Grapefruit,19.9,True,288
695,Pure Essential Oil - On the Go,19.9,True,288
696,Pure Essential Oil - Lime,19.9,True,300
697,Pure Essential Oil - Welcome Home,19.9,True,300
698,Pure Essential Oil - New Day,19.9,True,300
699,Pure Essential Oil - Lemon,19.9,True,300
700,Japan: The Cookbook,55.0,True,300
701,Gastronogeek Anime Cookbook,35.0,True,300
702,Japan: The Vegetarian Cookbook,55.0,True,300
703,Tokyo Cult Recipes (mini),25.0,True,300
704,A Day in Tokyo: A Japanese Cookbook,30.0,True,300
705,Body Fit Cushion - Body (Cover sold separately),190.0,True,300
706,Body Fit Cushion - Polyester Plain Weave Cover (Body sold separately),70.0,True,300
707,Body Fit Cushion - Cotton Canvas Cover (Body sold separately),70.0,True,300
708,[HD] Urethane Pocket Coil Sofa 3 Seater - Body Only,950.0,True,300
709,Polyester Plain Weave Cover for Urethane Pocket Coil Sofa - 3 Seater (Body Sold Separately),400.0,True,300
710,[HD] Urethane Pocket Coil Sofa 2.5 Seater - Body Only,850.0,True,300
711,Cotton Canvas Cover for Urethane Pocket Coil Sofa - 2.5 Seater (Body Sold Separately),300.0,True,300
712,Polyester Plain Weave Cover for Urethane Pocket Coil Sofa - 2.5 Seater (Body Sold Separately),300.0,True,300
713,[HD] Urethane Pocket Coil Sofa 1 Seater - Body Only,450.0,True,300
714,Polyester Plain Weave Cover for Urethane Pocket Coil Sofa - 1 Seater (Body Sold Separately),200.0,True,300
715,Living Dining Sofa Chair Arm,40.0,True,300
716,Polyester Plain Weave Cover for Living Dining Sofa Chair (Body Sold Separately),100.0,True,300
717,[HD] Living Dining Sofa Chair - Oak - Body Only,400.0,True,300
718,Cotton Canvas Cover for Urethane Pocket Coil Sofa - Ottoman (Body Sold Separately),100.0,True,300
719,Polyester Plain Weave Cover for Urethane Pocket Coil Sofa - Ottoman (Body Sold Separately),100.0,True,300
720,Mini Tin Candle - Rose Blend,9.9,True,300
721,Tin Candle - Rose Blended,29.9,True,300
722,Stackable Candle Holder,3.9,True,300
723,Stainless Steel Kitchen Cutting Board Stand,14.9,True,300
724,Stainless Steel Basket Sliding Type,29.9,True,300
725,Stainless Steel Cutlery Stand,10.9,True,300
726,Stainless Steel Sponge Holder,5.9,True,300
727,Beige Porcelain Kitchen Tool Stand,9.9,True,300
728,Polypropylene Organizer Box 4,2.9,True,300
729,Polypropylene Organizer Box 3,2.9,True,300
730,Polypropylene Organizer Box 2,2.9,True,300
731,Polypropylene Organizer Box 1,1.9,True,300
732,Soda Glass Storage Jar,7.9,True,300
733,ABS Resin Paper Towel Holder with Magnet,4.9,True,300
734,Stainless Steel Dish Rack,29.9,True,300
735,UV Cut Washable Fedora Hat,39.9,True,300
736,Recycle Polyester Boa Bucket Hat,39.9,True,300
737,Canvas Wide Tote Bag,19.9,True,300
738,Less Tiring Backpack with Handle,49.9,True,300
739,Jute Bag Large/A3,9.9,True,300
740,Canvas Double Handle Tote Bag,24.9,True,300
741,Canvas Tall Tote Bag,19.9,True,300
742,Cotton My Bag Small/B5,2.9,True,300
743,Cotton My Bag Medium/A4,3.9,True,300
744,Turkish Cotton My Bag XL,7.9,True,300
745,Cotton My Bag Large/A3,4.9,True,300
746,IDÃ‰E Original Marche Bag - Botanical,29.9,True,300
747,Adjustable Handle Hard Shell Suitcase 36L - Khaki Green | Carry-On,189.0,True,300
748,Adjustable Handle Hard Shell Suitcase 36L - Light Yellow | Carry-On,189.0,True,300
749,Adjustable Handle Hard Shell Suitcase 36L - Light Blue | Carry-On,189.0,True,300
750,Adjustable Handle Hard Shell Suitcase 36L - White | Carry-On,189.0,True,300
751,Adjustable Handle Hard Shell Suitcase 36L | Carry-On,189.9,True,300
752,Adjustable Handle Hard Shell Suitcase 36L - Light Pink | Carry-On,189.0,True,300
753,Gluten-Free Spaghetti,4.9,True,300
754,Gluten-Free Penne,4.9,True,300
755,Gluten-Free Rotini,4.9,True,300
756,Gluten-Free Elbows,4.9,True,300
757,Gluten-Free Cavatappi,4.9,True,300
758,Gluten-Free Agile,4.9,True,300
759,Gluten-Free Lasagna Sheets,4.9,True,300
760,Rosemary n' Chia Cracker Crisps,6.9,True,300
761,Everything n' Dill Cracker Crisps,6.9,True,300
762,Salt n' More Cracker Crisps,6.9,True,300
763,Baumkuchen - Salted Caramel,4.9,True,300
764,Baumkuchen - Maple,4.9,True,300
765,Baumkuchen - Cultured Butter,4.9,True,300
766,Chocolate Raisins,3.9,True,300
767,Candy Yuzu And Kinkan,1.9,True,300
768,Green Pea Snack,3.9,True,300
769,Peanuts Chocolate,6.9,True,300
770,Instant Roasted Green Tea (Hojicha) Latte,4.9,True,300
771,Instant Masala Chai Tea,4.9,True,300
772,Instant Matcha Latte,4.9,True,300
773,"V60 ""Buono"" Drip Kettle 1.2L Silver",60.0,True,300
774,V60 Drip Scale Black,60.0,True,300
775,V60 Paper Filter for 02 Size Dripper,6.0,True,300
776,Outdoor V60 Metal Coffee Server,50.0,True,300
777,"V60 ""Craft Coffee Maker"" Pour Over Set",28.0,True,300
778,Freeze Dried Soup - Spinach & Cabbage Miso Soup,7.9,True,300
779,Freeze Dried Soup - Sakura Shrimp & Bamboo Shoot Soup,7.9,True,300
780,Freeze Dried Soup - Hot & Sour Tomato Soup,7.9,True,300
781,Freeze Dried White Bait & Laver Rice Porridge,5.9,True,300
782,Freeze Dried Soup - Okra & Nalta Jute Soup,7.9,True,300
783,Aluminum Hanger for Pants & Skirt,4.9,True,300
784,Polyethylene Washing Board,3.9,True,300
785,Polyester Cushion Mesh Laundry Net,3.9,True,300
786,Polyester Reversible Laundry Net,8.9,True,300
787,Laundry Detergent Pods (24 Pack),10.9,True,300
788,Stainless Steel Laundry Basket,19.9,True,300
789,Aluminum Hanger with Pegs,29.9,True,300
790,Aluminum Square Hanger with Pegs,19.9,True,300
791,Polycarbonate Clothes Pins (10 Piece Set),2.9,True,300
792,Aluminum Laundry Hanger 3 Pieces Set,3.9,True,300
793,Wooden Hanger,19.9,True,300
794,Men's Side Seamless Seersucker Short Sleeve Pajamas,49.9,True,300
795,Men's Moisture-Wicking Cotton Short Sleeve Loungewear Set,49.9,True,300
796,Men's Sweatshirt Short Sleeve Loungewear Set,49.9,True,288
797,Men's French Terry Pants,29.9,True,288
798,Men's Sweatshirt Loungewear Set,49.9,True,288
799,Men's Side Seamless Flannel Pajamas,69.9,True,288
800,Men's French Terry Loungewear Set,49.9,True,288
801,Low Center Gravity Mechanical Pencil 0.5mm,8.9,True,288
802,Polycarbonate Rubber Grip Mechanical Pencil 0.5mm,1.9,True,288
803,Wooden Mechanical Pencil - 2mm HB,7.9,True,288
804,Mechanical Pencil Leads 2mm,1.9,True,288
805,Semitransparent Mechanical Pencil 0.5mm,1.9,True,288
806,Mechanical Pencil Leads 0.3mm,2.4,True,288
807,Mechanical Pencil Leads 0.5mm,2.4,True,288
808,Low Center Gravity Mechanical Pencil 0.3mm,8.9,True,288
809,ABS Resin Mechanical Pencil 0.5mm,8.9,True,288
810,Eraser,1.4,True,288
811,Wooden Hex Mechanical Pencil with Eraser 0.5mm,5.9,True,288
812,Wooden Hex Mechanical Pencil 0.5mm,7.9,True,288
813,Polyester Two Zipper Case,7.9,True,288
814,Stick-On-Edges Checklist Sticky Note,1.9,True,288
815,High Quality Paper Open-Flat Lined Notebook,4.9,True,288
816,Sketchbook F4 20 Sheets,5.9,True,288
817,Wirebound Dotted Notebook,4.9,True,288
818,Ruled Loose Leaf - B5,3.9,True,288
819,Recycled Paper Bind Plain Notebook,0.9,True,288
820,Monthly Sticky Note,1.9,True,294
821,Weekly Sticky Note,1.9,True,294
822,Bamboo Small Card - 30 Pieces - Kraft,0.9,True,294
823,Bamboo Small Card A6 - 10 Pieces - Kraft,0.9,True,294
824,Perforated Checklist Sticky Note Roll,3.9,True,294
825,Perforated Frame Sticky Note Roll,3.9,True,294
826,5 mm Grid Square Sticky Notes Yellow - 75 x 75mm,1.9,True,294
827,Bind Ruled Notebook,0.9,True,294
828,"Kraft Scrapbook - A4 (11.7 x 8.5"")",8.0,True,294
829,Bamboo Horizontal Envelope - C6 - 5 Pieces - White,1.9,True,294
830,Bamboo Small Card 14x10cm 10 Pieces - White,0.9,True,294
831,"Index Tab Sticky Notes 3 Color Set 2.9 x 2.8""",3.9,True,294
832,Perforated Color Sticky Note Roll,5.9,True,294
833,"Sticky Page Marker Index Tab Thick Film Type 5 Color Set 1.4 x 0.6""",4.9,True,294
834,Cat Sticky Notes,6.9,True,294
835,"Full Adhesive Label Sticky Notes 3 x 1""",1.9,True,294
836,"5 mm Grid Square Sticky Memo Pad Yellow 5.9 x 5.9""",3.9,True,294
837,"Full Adhesive Label Sticky Notes 3 Color Set 2 x 0.6""",1.9,True,294
838,Full Adhesive Deadline Sticky Note 3 Color Set,2.9,True,294
839,"Bookmark Sticky Notes 3 x 1""",1.9,True,294
840,"Sticky Square Index Tab Thick Film Type 5 Color Set 0.98 x 0.98""",4.9,True,294
841,"Sticky Page Marker Index Tab Film Type 5 Color Set 1.2 x 0.2""",4.9,True,294
842,"Page Marker Sticky Notes 3 Color Set 2 x 0.6""",1.9,True,294
843,"Arrow Sticky Tab Film Type 5 Color Set 1.7 x 0.3""",4.9,True,294
844,Double-Sided Sticky Notes Set,3.9,True,294
845,High Quality Paper Double Ringed Ruled Notebook,6.9,True,294
846,Memo Block,3.9,True,294
847,Square Sticky Notes - 75 x 75 mm,1.9,True,294
848,Full Adhesive Square Sticky Notes - 75 x 75 mm,1.9,True,294
849,Polypropylene Cover Double Ringed Memo,1.9,True,294
850,Key Ring Memo Block 5 Pieces Set,4.9,True,294
851,Kraft Paper Envelope,1.9,True,294
852,Sketchbook F1 20 Sheets,5.9,True,294
853,Bamboo Paper Small Card,0.9,True,294
854,Grid Loose Leaf B5,1.9,True,294
855,Open-Flat Dashed Grid Notebook,4.9,True,294
856,Beige Double Ring Lined Notebook,1.0,True,294
857,Transparent Sticky Note,3.9,True,294
858,Bind Plain Notebook,1.9,True,294
859,Sticky Note,2.9,True,294
860,Kraft Paper Sticky Note,1.9,True,294
861,Loose Leaf Papers Refill - Sketch & Drawing - A5,1.9,True,294
862,Bind Grid Notebook,1.9,True,300
863,Double Ringed Plain Notebook,2.9,True,300
864,Planting Tree Paper Double Ringed Notebook A6 Beige,1.5,True,300
865,High Quality Paper Bind Plain Notebook - Slim,3.9,True,300
866,High Quality Paper Bind Slim Plain Notebook,2.9,True,300
867,Planting Tree Paper Double Ringed Ruled Notebook,2.5,True,300
868,Recycled Paper Notepad,1.9,True,300
869,High Quality Paper Bind Slim Notebook - Horizontal Line and Vertical Dot Grid,2.9,True,300
870,Dark Gray Double Ring Lined Notebook,1.0,True,300
871,Recycle Paper Double Ringed Memo Pad,1.9,True,300
872,Bind Flat Open Plain Notebook,1.9,True,300
873,High Quality Paper Open-Flat Lined Dotted Notebook,5.9,True,300
874,Passport Memo,1.9,True,300
875,Planting Tree Paper Check List,2.9,True,300
876,Key Ring Memo Block,0.9,True,300
877,Planting Tree Paper Memo Book,2.9,True,300
878,Recycled Paper Bind Ruled Notebook,0.9,True,300
879,Bind Ruled Notebook B5,1.9,True,300
880,5 Pack Ruled Notebook Set,4.9,True,300
881,Recycled Paper Bind Grid Notebook,1.9,True,300
882,3-Pack Planting Tree Paper Notebook,8.9,True,300
883,Grid Loose Leaf,3.9,True,300
884,Ruled Loose Leaf,3.9,True,300
885,Notebook Type Grid Loose Leaf,3.9,True,300
886,Recycled Paper Bind Plain Pocket Notebook,2.9,True,300
887,Notebook Type Ruled Loose Leaf,3.9,True,300
888,Recycled Paper Double Ringed Plain Notebook,2.9,True,300
889,Loose Leaf Papers - A5 Refill,1.5,True,300
890,Beech Wood Stool with Round Legs,300.0,True,300
891,Beech Wood Bench with Round Legs,500.0,True,300
892,Beech Wood Chair with Round Legs,500.0,True,300
893,Polypropylene Stackable Stool Dark Gray,69.0,True,300
894,[HD] Oak Round Chair,250.0,True,300
895,[HD] Living Dining Bench 1 - Oak - Body Only,450.0,True,300
896,Steel Pipe Stacking Stool,24.9,True,300
897,Polypropylene Stackable Stool Light Gray,69.0,True,300
898,Men's UV Protection Quick Dry Short Pants,39.9,True,300
899,Men's Breathable Stretch Short Pants,34.9,True,300
900,Men's Washed Broad Easy Short Pants,29.9,True,300
901,Men's Stretch Chino Short Pants,39.9,True,300
902,Women's Cool Touch Broadcloth Short Sleeve Blouse,49.9,True,300
903,Women's Cool Touch Broadcloth Short Sleeve Striped Blouse,49.9,True,300
904,Men's Breathable Jacket,49.99,True,300
905,Women's Cool Touch Broad Collar Short Sleeve Shirt,39.9,True,300
906,Women's Cool Touch Broad Collar Short Sleeve Patterned Shirt,39.9,True,288
907,Men's Cool Touch Henley Neck Short Sleeve Woven Patterned T-Shirt,34.9,True,288
908,Men's Cool Touch Henley Neck Short Sleeve Woven T-Shirt,34.9,True,288
909,Labo Unisex UV Protection Easy-Clean Straight Pants,80.0,True,288
910,Labo Unisex UV Protection Easy-Clean Short Pants,60.0,True,288
911,Women's Washed Denim Jacket - Dark Navy,59.9,True,288
912,Women's Washed Denim Jacket - Natural,59.9,True,288
913,Women's Stretch Jersey 1/10 Length Leggings,14.9,True,288
914,Men's Ripstop Easy Cargo Pants,49.9,True,288
915,Labo Unisex Easy-Clean Short Sleeve Shirt,80.0,True,288
916,Men's Cool Touch Short Sleeve Woven T-Shirt,34.9,True,288
917,Labo Unisex Easy-Clean Short Sleeve Pullover Shirt,60.0,True,288
918,Men's Seersucker Henley Neck Woven Short Sleeve T-Shirt,34.9,True,288
919,Men's Breathable Stretch Shirt Jacket,39.99,True,288
920,Men's Seersucker Tapered Pants,29.99,True,288
921,Men's Breathable Stretch Wide Tapered Pants,49.9,True,288
922,Women's Madras Check Sleeveless Blouse,19.99,True,288
923,Labo Unisex Quick Dry Knitted Polo Shirt,70.0,True,288
924,Labo Unisex Easy-Clean Quick Drying Crew Neck Short Sleeve T-Shirt,50.0,True,288
925,Men's Jersey Crew Neck Short Sleeve T-Shirt,34.9,True,288
926,Women's Ribbed Tank Top,9.99,True,288
927,Women's Ribbed Striped Tank Top,9.99,True,288
928,Women's Striped French Sleeve Boatneck Tunic,29.9,True,288
929,Women's Hemp and Rayon Short Sleeve Blouse,49.9,True,288
930,Men's Wrinkle Resistant Double-Breasted Jacket,69.99,True,300
931,Men's Washed Jersey Crew Neck Short Sleeve T-Shirt,19.9,True,300
932,Men's Wrinkle Resistant Shirt Jacket,29.99,True,300
933,Women's High-Twist Mesh French Sleeve Sweater,29.99,True,300
934,Women's Stretchy Hemp Mix Tailored Jacket,59.99,True,300
935,Women's UV Protection Quick Dry Zip Up Hoody,49.9,True,300
936,Men's Crease-Resistant Darted Wide Easy Pants,39.9,True,300
937,Men's UV Protection Quick Dry Zip Up Hoody,49.9,True,300
938,Labo Unisex Easy-Clean Quick Dry Crew Neck Long Sleeve T-Shirt,60.0,True,300
939,Men's Washed Heavyweight Boat Neck 1/2 Sleeve Patterned T-Shirt,29.9,True,300
940,Men's Easy-Care Stretch Jacket,79.9,True,300
941,Men's UV Protection Quick Dry Sweatpants,49.9,True,300
942,Men's UV Protection Quick Dry Sweatshirt,39.9,True,288
943,Men's Washed Jersey Crew Neck Long Sleeve T-Shirt,29.9,True,288
944,Women's Soybean Fiber Ribbed Crew Neck Sweater,29.99,True,288
945,Women's Washable Rib Knit Short Sweater,29.99,True,288
946,Men's UV Protection Quick Dry Short Sleeve T-Shirt,29.9,True,288
947,Men's Washed Heavy Weight Crew Neck Short Sleeve T-Shirt,24.9,True,288
948,Men's UV Protection Track Jacket,59.9,True,288
949,Men's UV Protection Track Pants,49.9,True,288
950,Men's Jersey Crew Neck Short Sleeve Striped T-Shirt,14.9,True,288
951,Men's Cool Touch Wide Short Sleeve T-Shirt,29.9,True,288
952,Men's Slub Yarn Chino Regular Pants (L 30inch / 76cm),49.9,True,288
953,Men's Ripstop Easy Pants,39.9,True,288
954,Women's Washable Milano Rib Knit Skipper Polo Sweater,39.99,True,288
955,Women's Washable Milano Rib Knit Striped Skipper Polo Sweater,39.99,True,288
956,Women's Washable Milano Rib Knit V-Neck Cardigan,39.99,True,288
957,Women's UV Protection Quick Dry Bralette,39.9,True,288
958,Men's Kapok Blend Jacket,49.99,True,288
959,Labo Unisex Modacrylic Vest,100.0,True,288
960,Labo Unisex Easy-Clean Cargo Pants,80.0,True,288
961,Labo Unisex Quick Dry Knitted Pullover,70.0,True,288
962,Labo Unisex Easy-Clean Zip-Up Blouson,100.0,True,288
963,Labo Unisex Modacrylic Straight Pants,80.0,True,288
964,Labo Unisex Modacrylic Stand Fall Collar Coat,130.0,True,288
965,Labo Unisex Modacrylic Jacket,120.0,True,288
966,Men's Half Zip Sweatshirt,19.99,True,288
967,Men's Double Knitted Crew Neck Pullover,24.99,True,288
968,Men's Sweatshirt,19.99,True,288
969,Men's Sweatshirt Hoodie,19.99,True,288
970,Men's Sweatshirt Zip-Up Hoodie,19.99,True,288
971,Men's Jersey Crew Neck Long Sleeve T-Shirt,16.9,True,288
972,Men's Football Style Heavyweight T-Shirt,24.99,True,288
973,Men's Jersey Crew Neck Long Sleeve Striped T-Shirt,16.9,True,288
974,Men's Kapok Blend Padded Jacket,69.99,True,288
975,Men's Kapok Blend Denim Jacket,49.99,True,288
976,Men's Stretch Chino Tuck Wide Pants,49.9,True,288
977,Women's UV Protection Quick Dry Sweatshirt,39.9,True,288
978,Clear Care Moisturizing Milk,5.9,True,288
979,Sensitive Care Moisturizing Milk - Light Moisture,9.9,True,288
980,Sensitive Skin Moisturizing Cream,16.9,True,288
981,Clear Care Moisturizing Cream,18.9,True,288
982,Sensitive Skin Moisturizing Milk - High Moisture,14.9,True,288
983,Men's UV Protection Sweatshirt,39.9,True,288
984,Men's UV Protection Sweatshirt Zip Up Hoodie,49.9,True,288
985,Men's UV Protection Waffle Long Sleeve T-Shirt,24.99,True,288
986,Women's UV Protection Sweatshirt,39.9,True,288
987,Women's Quick Dry Bralette,29.9,True,288
988,Men's Kapok Blend Stand Collar Filled Coat,79.99,True,288
989,Men's Stretch Brushed Jacket,99.9,True,288
990,Men's Easy Care Stretch Jacket,79.9,True,288
991,Men's Lightweight Down Collarless Jacket,79.9,True,288
992,Men's Recycled Nylon Lightweight Down Jacket,69.9,True,288
993,Men's Recycled Nylon Lightweight Down Vest,49.9,True,288
994,Men's Recycled Nylon Lightweight Collarless Down Jacket,69.9,True,288
995,Men's Lightweight Down Collarless Vest,59.9,True,288
996,Polyester Plain Weave Cover for Living Dining Bench 2 (Body Sold Separately),50.0,True,288
997,Polyester Plain Weave Cover for Living Dining Bench 1 (Body Sold Separately),100.0,True,288
998,[HD] Living Dining Bench 2 - Oak - Body Only,350.0,True,288
999,Living Dining Bench 2 - Cotton Cover (Body Sold Separately),50.0,True,288
1000,Oscillating Circulator Fan,79.9,True,288
1001,Stand for Wall Clock,16.9,True,288
1002,Digital Timer Clock,24.9,True,288
1003,Cuckoo Clock,99.9,True,288
1004,Vibrating Hair Brush,49.9,True,288
1005,Linen Washed Cushion Cover,19.9,True,288
1006,"Washable Cushion 17 x 17""",9.9,True,288
1007,Analog Clock S (with Stand),49.9,True,288
1008,"Feather Cushion 17 x 17""",24.9,True,288
1009,Low Rebounding Seat Cushion,19.9,True,288
1010,"Oxford Cushion Cover - 16.9 x 16.9""",9.9,True,288
1011,Soft Multi-Purpose Cushion,49.9,True,288
1012,"Oxford Cushion Cover - 21.7 x 23.2""",12.9,True,288
1013,"Feather Cushion Insert - 21.7"" x 23.2""",29.9,True,288
1014,Linen Cushion Cover,19.9,True,288
1015,"Feather 17"" Square Cushion Insert",24.9,True,288
1016,Indian Cotton Madras Check Cushion Cover,14.9,True,288
1017,Analog Clock L,99.9,True,288
1018,Ultrasonic Aroma Diffuser 10 oz,129.0,True,288
1019,Ultrasonic Aroma Diffuser 3 oz,79.0,True,288
1020,French Linen Cushion Cover,24.9,True,288
1021,Ikebana: The Zen Way of Flowers,30.0,True,288
1022,"Happy Bonsai: Choose It, Shape It, Love It",15.0,True,288
1023,GINZA,20.0,True,288
1024,Cup Of Therapy,12.0,True,288
1025,Tinker,60.0,True,288
1026,Men's Heavyweight Jersey Long Sleeve T-Shirt,29.9,True,288
1027,Men's French Terry Pullover Hoodie,49.9,True,288
1028,Men's 4 Way Stretch Denim Skinny Pants (L 30inch / 76cm),49.9,True,288
1029,Men's Knit Fleece Stand Collar Jacket,49.9,True,288
1030,Men's Denim Regular Pants Black (L 30inch / 76cm),49.9,True,288
1031,Men's Chino Easy Pants,39.9,True,288
1032,Men's Washed Heavy Weight Crew Neck Long Sleeve T-Shirt,29.9,True,288
1033,Men's Easy Care Stretch No Tuck Pants,49.9,True,288
1034,Men's Stretch Chino Slim Pants (Inseam 30inch / 76cm),49.9,True,288
1035,Men's Stretch Brushed Pants,59.9,True,288
1036,Men's Brushed Jersey Crew Neck Long Sleeve T-Shirt,19.9,True,288
1037,Men's Jersey Long Sleeve T-Shirt,14.9,True,288
1038,Men's Washed Jersey Long Sleeve T-Shirt,24.9,True,288
1039,Men's Washed Jersey Crew Neck Short Sleeve Stripe T-Shirt,19.9,True,288
1040,Men's Chino Regular Fit Pants (L 32inch / 82cm),49.9,True,288
1041,Men's Jersey Short Sleeve T-Shirt,12.9,True,288
1042,Men's Chino Regular Pants (L 30inch / 76cm),49.9,True,288
1043,Men's Easy Care Stretch Tucked Pants,59.9,True,288
1044,Men's Chino Regular Pants (L 32inch / 82cm),49.9,True,288
1045,Men's Double Knitted Pullover Hoodie,29.99,True,288
1046,Men's Washed Jersey Long Sleeves Crew Neck T-Shirt,19.9,True,288
1047,Men's Super Stretch Denim Skinny Pants Black (L 32inch / 82cm),49.9,True,288
1048,Men's Heavy Weight Jersey Long Sleeve T-Shirt,29.9,True,288
1049,Men's Jersey No Tuck Tapered Pants,29.99,True,288
1050,Mite-Proof Washable Pillow,34.9,True,300
1051,Deodorized Memory Foam Pillow,39.9,True,300
1052,Feather Pillow,29.9,True,300
1053,Marshmallow,2.9,True,300
1054,Tomato Basil Pesto Agile Bowl,4.9,True,300
1055,Zesty Garlic Spinach Agile Bowl,4.9,True,300
1056,Mexican Street Corn Agile Bowl,4.9,True,300
1057,Red Pepper Harissa Agile Bowl,4.9,True,300
1058,Women's Lyocell Low-Rise Panty,8.9,True,300
1059,Women's Lyocell Boy Shorts,8.9,True,300
1060,Women's Breathable Cotton Tank Top with Sweat Pad,14.9,True,300
1061,Women's Breathable Cotton Camisole with Sweat Pad,14.9,True,300
1062,Women's Breathable Cotton Camisole,14.9,True,300
1063,Women's Stretch Bikini Panty,8.9,True,300
1064,Women's Cotton Stretch Ribbed Short Camisole with Bra,19.9,True,300
1065,Women's Stretch Boy Shorts,8.9,True,300
1066,Women's Cotton Stretch Ribbed Short Tank Top with Bra,19.9,True,300
1067,Women's Wireless Plunge Bra,29.9,True,300
1068,Women's Moisture Wicking Cotton Lightweight Tank Top,14.9,True,300
1069,Women's Moisture Wicking Cotton Lightweight Camisole,14.9,True,300
1070,Women's Moisture Wicking Cotton Tank Top with Sweat Pads,14.9,True,300
1071,Women's Moisture Wicking Cotton Camisole with Sweat Pads,14.9,True,300
1072,Women's Smooth Panty,8.9,True,300
1073,Women's Smooth Boy Shorts,8.9,True,300
1074,Women's Stretch Ribbed Leggings,14.9,True,300
1075,Women's Bralette,29.9,True,300
1076,Women's Wireless Molded Bra,29.9,True,300
1077,Women's Warm Thick Cotton Crew Neck Long Sleeve T-Shirt,24.9,True,300
1078,Women's Soft on Skin Ribbed Panty,14.9,True,300
1079,Women's Adjustable Bra,39.9,True,300
1080,Women's Lyocell Bikini,8.9,True,300
1081,Women's Adjustable Bra - Plus Size,39.9,True,300
1082,Women's Silk Blend Bra Slip Dress,39.9,True,300
1083,Women's Molded Bralette,29.9,True,300
1084,Women's Lyocell Midi Panty,8.9,True,300
1085,Women's Lyocell Low Rise Panty,8.9,True,300
1086,Women's Warm Thick Cotton U Neck T-Shirt,24.9,True,300
1087,Women's Lyocell Low-Rise Bikini,8.9,True,300
1088,Adjustable Handle Hard Shell Suitcase 63L | Check-In,219.9,True,300
1089,Down Thin Duvet,149.0,True,300
1090,Washed Cotton Duvet Cover,59.9,True,300
1091,Down Duvet Single Layer,299.0,True,300
1092,Everyday Tableware Oval Plate Small,10.9,True,300
1093,Everyday Tableware Oval Plate Large,14.9,True,300
1094,Everyday Tableware Bowl Large,8.9,True,300
1095,Everyday Tableware Demitasse Cup,3.9,True,300
1096,Everyday Tableware Teacup,4.9,True,300
1097,Everyday Tableware Mug,8.9,True,300
1098,Everyday Tableware Coffee Cup,5.9,True,300
1099,Everyday Tableware Demitasse Saucer,3.9,True,300
1100,Everyday Tableware Tea Saucer,4.9,True,300
1101,Everyday Tableware Teapot,21.9,True,300
1102,Hasami Ware Small Plate - Horizontal Stripes Pattern,7.9,True,300
1103,Hasami Ware Small Plate - Large Wave Pattern,7.9,True,300
1104,Hasami Ware Small Plate - Stripes Pattern,7.9,True,300
1105,Hasami Ware Rice Bowl - Stripes Pattern,9.9,True,300
1106,Hasami Ware Small Plate - Arabesque Pattern,7.9,True,300
1107,Hasami Ware Rice Bowl - Arabesque Pattern,9.9,True,300
1108,Hasami Ware Rice Bowl - Large Wave Pattern,9.9,True,300
1109,Hasami Ware Rice Bowl - Wave Pattern,9.9,True,300
1110,Hasami Ware Rice Bowl - Horizontal Stripes Pattern,9.9,True,300
1111,Yellow Cedar Chopsticks - 5 Pairs,9.9,True,300
1112,White Porcelain Dish,3.9,True,300
1113,White Porcelain Donburi Bowl,12.9,True,300
1114,White Porcelain Shallow Bowl,6.9,True,300
1115,White Porcelain Multi Bowl,12.9,True,300
1116,White Porcelain Rice Bowl,6.9,True,300
1117,White Porcelain Chinese Spoon,6.9,True,300
1118,White Porcelain Mug Cup,7.9,True,300
1119,White Porcelain Square Bowl,4.9,True,300
1120,White Porcelain Tea Pot,16.9,True,288
1121,White Porcelain Rectangle Dish,12.9,True,288
1122,Beige Porcelain Oval Dish,5.9,True,288
1123,Beige Porcelain Plate,4.9,True,288
1124,Beige Porcelain Ladle Rest,7.9,True,288
1125,Beige Porcelain Curry and Pasta Dish,11.9,True,288
1126,Beige Porcelain Bowl,4.9,True,288
1127,Beige Porcelain Coffee Dripper,12.9,True,288
1128,Beige Porcelain Pot,17.9,True,288
1129,Beige Porcelain Curry Bowl,6.9,True,288
1130,Beige Porcelain Cup,4.9,True,288
1131,Beige Porcelain Deep Dish,4.9,True,288
1132,Bone China Appetizer Plate,9.9,True,288
1133,Bone China Tea Cup,10.9,True,288
1134,Bone China Cafe Au Lait Cup,14.9,True,288
1135,Bone China Coffee Cup,9.9,True,288
1136,Bone China Mug,12.9,True,288
1137,Bone China Bread Plate,7.9,True,288
1138,Bone China Pot - 16 fl oz,34.9,True,288
1139,Bone China Lunch Plate,14.9,True,288
1140,Crystal Wine Glass,16.9,True,288
1141,Glass Cup,4.9,True,288
1142,Heat Resistant Glass Mug Cup,6.9,True,288
1143,Heat Resistant Glass Tea Cup,7.9,True,288
1144,Heatproof Glass Pot - 16.9 oz,27.9,True,288
1145,Glass Bowl,2.9,True,288
1146,Heat Resistant Glass Saucer,9.9,True,288
1147,Heat Resistant Glass Pot,17.9,True,288
1148,Glass Deep Plate,3.9,True,288
1149,Acacia Bowl - 6.3in x 2.8in,14.9,True,288
1150,Acacia Bowl - 5.1in x 2.4in,9.9,True,288
1151,Acacia Appetizer Plate - 7.5in x 0.8in,11.9,True,288
1152,Acacia Lunch Plate - 9.1in x 0.8in,14.9,True,288
1153,Acacia Dinner Plate - 10.2in x 0.2in,19.9,True,288
1154,Acacia Deep Plate - 6.3in x 1.4in,11.9,True,288
1155,Acacia Deep Plate - 7.9in x 1.6in,14.9,True,288
1156,Acacia Deep Plate - 9.4in x 2.0in,19.9,True,300
1157,Acacia Tray - 10.2in,19.9,True,300
1158,Acacia Tray - 12.6in,23.9,True,300
1159,"Blue White Porcelain Round Dish 8.5"" x 0.8""",15.0,True,300
1160,"Blue White Porcelain Round Dish 6.9"" x 0.8""",10.0,True,300
1161,Beech Table Spoon,7.9,True,300
1162,Beech Dessert Spoon,6.9,True,300
1163,Beech Tea Spoon,6.9,True,300
1164,Beech Table Fork,7.9,True,300
1165,Beech Butter Spreader,6.9,True,300
1166,Sakura Chopsticks,9.9,True,300
1167,Maple Chopsticks,7.9,True,300
1168,Stainless Steel Serving Spoon with Hole,9.9,True,300
1169,Stainless Steel Table Fork,6.9,True,300
1170,Indian Cotton Placemat Fringes,7.9,True,300
1171,Low-Count Indian Cotton Placemat Center Striped,6.9,True,300
1172,Indian Cotton Multipurpose Cloth Fringes,8.9,True,300
1173,Low-Count Indian Cotton Multipurpose Cloth Striped Ends,7.9,True,300
1174,Cork Trivet,6.9,True,300
1175,Cork Coasters (Set of 5),3.9,True,300
1176,Kitchen Cleaning Cloth,4.9,True,300
1177,Coaster,5.9,True,300
1178,Placemat,19.9,True,300
1179,Sensitive Care Toning Water - High Moisture,9.9,True,300
1180,Sensitive Skin Toning Water - Moisture - 200mL,9.9,True,300
1181,Clear Care Toning Water - High Moisture,5.9,True,300
1182,Sensitive Skin Toning Water - Light Moisture - 200mL,9.9,True,300
1183,Sensitive Skin Toning Water - Moisture,4.9,True,288
1184,Sensitive Skin Toning Water - Light Moisture,4.9,True,288
1185,Clear Care Toning Water,5.9,True,288
1186,Sensitive Skin Toning Water - High Moisture,14.5,True,288
1187,Labo Unisex Corduroy Jacket,99.9,True,288
1188,Labo Unisex Japanese Denim Pants Tapered Fit,89.0,True,288
1189,Labo Unisex Chino Easy Wide Pants,99.0,True,288
1190,Labo Unisex Double Knitted Sweatshirt Pullover,60.0,True,288
1191,Labo Unisex Double Knitted Sweatshirt Blouson,110.0,True,288
1192,Labo Unisex Easy-Clean Wide Pants,100.0,True,288
1193,Labo Unisex Jersey Crew Neck Long Sleeve T-Shirt,50.0,True,288
1194,Labo Unisex Double Knitted Sweatshirt Hoodie,70.0,True,288
1195,Labo Unisex Japanese Denim Tapered Pants,89.9,True,288
1196,Women's Washed Broad Regular Collar Long Sleeve Shirt,39.9,True,288
1197,Women's Washed Broad Stand Collar Shirt,39.9,True,288
1198,Women's Sweatshirt,29.9,True,288
1199,Women's Sweatshirt Zip-Up Hoodie,35.9,True,288
1200,Women's Washed Broad Regular Collar Long Sleeve Striped Shirt,39.9,True,288
1201,Women's Wrinkle Resistant Poplin Stand Collar Long Sleeve Blouse,24.99,True,288
1202,Women's Kapok Blend Denim Shirt Jacket,49.99,True,288
1203,Women's Kapok Blend Shirt Jacket,49.99,True,288
1204,Women's Washable Milano Rib Crew Neck Sweater,39.9,True,288
1205,Women's Washed Broad Stand Collar Long Sleeve Shirt,24.99,True,288
1206,Women's Stretch Leggings Pants,14.99,True,288
1207,Women's 4 Way Stretch Denim Slim Straight Pants,39.99,True,288
1208,Women's Yak Wool Mock Neck Sweater,39.99,True,288
1209,Women's Yak Wool Crew Neck Sweater,39.99,True,288
1210,Women's Non-Itchy Washable Wide Ribbed Turtleneck Sweater,39.0,True,288
1211,Women's Sweatshirt Pullover Hoodie,40.0,True,288
1212,Women Organic Cotton 4 Way Stretch Denim Slim Straight Pant,39.99,True,288
1213,Women Organic Cotton 4 Way Stretch Denim Skinny Pants,39.99,True,288
1214,Women Organic Cotton 4 Way Stretch Denim Boyfriend Fit Pant,39.99,True,288
1215,Women's Washable Ribbed Turtleneck Sweater,29.99,True,288
1216,Women's Wool Crew Neck Sweater,39.99,True,288
1217,Women's Stretch Rib Mock Neck T-Shirt,19.9,True,288
1218,Aluminum Hook Magnet Type,4.9,True,288
1219,Portable Foldable Hanger,8.9,True,200
1220,ABS Clip with Magnet,2.9,True,200
1221,Stainless Steel Wire Clip with Hook,5.9,True,200
1222,Aluminum S Hook 2 Pieces Set,1.9,True,200
1223,Hook for Aluminium Towel Hanger,4.9,True,200
1224,Stainless Steel Double Hook,4.9,True,300
1225,Stainless Steel S Type Hook,5.9,True,300
1226,Stainless Steel Split Tip Hook,6.9,True,200
1227,Aluminium Towel Hanger Suction Hanger,5.9,True,200
1228,Aluminium Towel Hanger Magnet Type,11.9,True,300
1229,Aluminium S-Shaped Hook,1.9,True,50
1230,Aluminum Hook with Suction Cup 3 Pieces Set,2.9,True,150
1231,ABS Resin Clip with Magnet,2.9,True,150
1232,Aluminum S Hook 3 Pieces Set,1.9,True,150
1233,Aluminum Towel Hanger with Magnet,11.9,True,300
1234,Stainless Steel Hook,4.9,True,100
1235,Polypropylene Scalp Care Brush,9.9,True,200
1236,Beech Hair Brush,6.9,True,100
1237,Beech Scalp Care Brush,9.9,True,288
1238,Bamboo Wet Wipes,6.9,True,288
1239,Toilet Paper,8.9,True,288
1240,Reusable Food Storage Wraps,14.9,True,288
1241,Tree Free Napkins,4.9,True,288
1242,Mild Care Foam Face Soap,4.9,True,288
1243,Mild Cleansing Oil,9.9,True,288
1244,Cotton Canvas Cover for Urethane Pocket Coil Sofa - 3 Seater (Body Sold Separately),400.0,True,288
1245,Wooden Legs for Urethane Pocket Coil Sofa,50.0,True,288
1246,Men's Side Seamless Ribbed V Neck Short Sleeve T-Shirt,9.9,True,288
1247,Men's Side Seamless Jersey Crew Neck Short Sleeve T-Shirt,9.9,True,288
1248,Men's Side Seamless Jersey V Neck Short Sleeve T-Shirt,9.9,True,288
1249,Men's Moisture Wicking Cotton Tank Top,14.9,True,288
1250,Men's Cool Touch Smooth Tank Top,14.9,True,288
1251,Men's Cool Touch Smooth V-Neck Short Sleeve T-Shirt,14.9,True,288
1252,Men's Cool Touch Smooth Crew Neck Short Sleeve T-Shirt,14.9,True,288
1253,Men's Cotton Jersey Boxer Briefs,9.9,True,288
1254,Dishwasher Detergent Pods,10.9,True,288
1255,Polypropylene Stocker with Caster,49.9,True,288
1256,Polypropylene Storage Closet Drawer,24.9,True,288
1257,Polypropylene Storage Wide Drawer,28.9,True,288
1258,Polypropylene Storage Drawer,18.9,True,288
1259,Polypropylene Storage Clothing Drawer,34.9,True,288
1260,"Soft Polyethylene Case Half Size - Small W7.1 x D10 x H3.1""",4.9,True,288
1261,"Soft Polyethylene Case Full Size - Medium W10 x D14.2 x H6.3""",8.9,True,288
1262,"Soft Polyethylene Case Half Size - Large W7.1 x D10 x H9.4""",8.9,True,288
1263,"Soft Polyethylene Case Half Size Lid - W7.3 x D10.2 x H0.6""",1.9,True,288
1264,"Soft Polyethylene Case Full Size - Small W10 x D14.2 x H3.1""",6.9,True,288
1265,"Soft Polyethylene Case Half Size - Medium W10 x D7.1 x H6.3""",7.9,True,288
1266,"Soft Polyethylene Case Full Size - Large W10 x D14.2 x H9.4""",11.9,True,288
1267,"Soft Polyethylene Case Full Size - Deep W10 x D14.2 x H12.6""",13.9,True,288
1268,"Soft Polyethylene Case Full Size Lid - W10 x D14.2 x H0.6""",2.9,True,288
1269,Rattan Rectangular Storage,29.9,True,288
1270,"Rattan Square Storage with Handle - Large W13.8 x D14.2 x H9.4""",59.9,True,288
1271,"Rattan Stackable Square Basket With Handle - Medium W13.8 x D14.2 x H6.3""",39.9,True,288
1272,"Rattan Stackable Box with Lid - Large W10.2 x D7.1 x H6.3""",29.9,True,288
1273,Rattan Stackable Box With Handle,14.9,True,288
1274,Rattan Rectangle Basket Lid,14.9,True,288
1275,Lid for Rattan Square Basket,19.9,True,288
1276,Stainless Steel Wire Basket,19.9,True,288
1277,Pine Shelf Unit - Regular - Medium,150.0,True,288
1278,Pine Shelf Unit - Wide - Large,250.0,True,288
1279,SUS Shelving Unit - Wide - Back Panel,30.0,True,288
1280,Stacking Shelf Oak - 5 Tiers,350.0,True,288
1281,Refill for Smooth Gel Ink Ballpoint Pen 0.3mm,1.0,True,288
1282,Gel Ink Ballpoint Pen 0.7mm - Refill,1.0,True,288
1283,Gel Ink Ballpoint Pen 0.5mm - Refill,1.0,True,288
1284,Smooth Gel Ink Ballpoint Pen 0.5mm - Refill,1.0,True,288
1285,Gel Ink Ballpoint Pen 0.38mm - Refill,1.0,True,288
1286,Oil Ink Polycarbonate Rubber Grip Ballpoint Pen 0.7mm,1.9,True,288
1287,Oil Ink Hex 6 Color Ballpoint Pen 0.7mm,5.9,True,288
1288,Smooth Gel Ink Knock Type Ballpoint Pen 0.3mm,1.9,True,288
1289,Gel Ink Cap Type Ballpoint Pen 10 Color Set,14.9,True,288
1290,Oil Ink Triangle 2 Color Ballpoint Pen with Mechanical Pencil,4.9,True,288
1291,Wooden Hex Ballpoint Pen 0.5mm,7.4,True,288
1292,Gel Ink Cap Type Ballpoint Pen 0.5mm 10 Pieces Set,14.9,True,288
1293,Gel Ink Cap Type Ballpoint Pen 0.38mm 10 Pieces Set,14.9,True,288
1294,Oil Ink Polycarbonate Ballpoint Pen 0.7mm,1.9,True,288
1295,Gel Ink Cap Type Ballpoint Pen 0.7mm,1.9,True,288
1296,Gel Ink Cap Type Ballpoint Pen Set 10 Pieces Set - Blue Black,14.9,True,288
1297,Cap Type Ballpoint Pen - Body,0.9,True,300
1298,Smooth Gel Ink Knock Type Ballpoint Pen 0.5mm 10 Pieces Set,14.9,True,300
1299,Gel Ink Cap Type Ballpoint Pen 0.38mm,1.9,True,300
1300,Knock Type Ballpoint Pen - Body Only,0.9,True,300
1301,CLEANING,28.0,True,300
1302,Contemporary Japanese Posters: Japanese Posters Designers,70.0,True,300
1303,MUJI BOOK 2,50.0,True,300
1304,MUJI IS,19.0,True,300
1305,Japanese Textiles 3,12.0,True,300
1306,Japanese Textiles 4,12.0,True,300
1307,Japanese Textiles 2,12.0,True,300
1308,Found MUJI Book Vol. 1,30.0,True,300
1309,Found MUJI Book 2011 - 2021,30.0,True,300
1310,Magazine B #66 Hoshinoya,28.0,True,300
1311,The Monocle Book of Japan,65.0,True,300
1312,The Japanese House since 1945,85.0,True,300
1313,Yayoi Kusama: A Retrospective,60.0,True,300
1314,Japanese Textiles 1,12.0,True,300
1315,Right Angle 3 Layer Loose Top Short Socks,4.9,True,300
1316,Right Angle Sneaker Socks with Tabs,4.9,True,300
1317,Right Angle Pile Sneaker Socks,4.9,True,300
1318,Silicone Gripper No-Show Socks,4.9,True,300
1319,Right Angle Lightweight Sneaker Socks,4.9,True,300
1320,Right Angle Excess Yarn Sneaker Socks Pack of 3,12.9,True,300
1321,Right Angle Pile Short Socks,4.9,True,300
1322,Right Angle Striped Sneaker Socks,4.9,True,300
1323,Right Angle Loose Top Loose Mesh Socks,4.9,True,300
1324,Right Angle Loose Top Tapered Socks,4.9,True,300
1325,Right Angle Loose Top Loose Fit Socks,4.9,True,300
1326,Right Angle Sneaker Socks,4.9,True,300
1327,Right Angle Ribbed Socks,4.9,True,288
1328,Warm Pile Cotton Stripe Socks,9.9,True,288
1329,Warm Pile Cotton Socks,9.9,True,288
1330,Warm Pile Cotton Patterned Socks,10.9,True,288
1331,Warm Pile Cotton Patterned Stitch Socks,10.9,True,288
1332,Warm Pile Cotton Short Socks,9.9,True,288
1333,Right Angle Loose Top Socks,4.9,True,288
1334,Right Angle Pile Socks,4.9,True,288
1335,Right Angle Loose Top Cozy Socks,10.9,True,288
1336,Right Angle Boa Fleece Cozy Socks,9.99,True,288
1337,Right Angle Pile Striped Socks,4.9,True,288
1338,Right Angle Pile Sneaker Socks 25-29cm,4.9,True,288
1339,Right Angle Sneaker-In Socks 25-30cm,4.9,True,288
1340,Right Angle Sneaker Socks 21-25cm,4.9,True,288
1341,Right Angle Pile Sneaker Socks 23-30cm,4.9,True,288
1342,Right Angle Tapered Socks 21-25cm,4.9,True,288
1343,Right Angle Pile Sneaker-In Socks 23-30cm,4.9,True,288
1344,Right Angle Loose Top Short Socks 21-27cm,4.9,True,288
1345,Right Angle Loose Top Socks 21-27cm,4.9,True,288
1346,Right Angle One Size Tapered Socks 21-25cm,4.9,True,288
1347,Organic Cotton Right Angle No Elastic Short Socks,4.9,True,288
1348,Right Angle 3 Layer Loose Top Socks,4.9,True,288
1349,Stainless Steel Ice Cream Spoon,1.9,True,288
1350,Stainless Steel Mini Fork,1.9,True,288
1351,Beech Mini Spoon,5.9,True,288
1352,Lacquer Round Chopsticks,9.9,True,288
1353,Lacquer Octagonal Chopsticks,9.9,True,288
1354,Stainless Steel Long Spoon,4.9,True,288
1355,Stainless Steel Dessert Fork,4.9,True,288
1356,Lacquered Hexagonal Chopsticks,9.9,True,288
1357,Stainless Steel Tea Fork,3.9,True,288
1358,Stainless Steel Straight Handle Knife,2.9,True,288
1359,Stainless Steel Coffee Spoon,2.9,True,288
1360,Stainless Steel Butter Spreader,4.9,True,288
1361,Stainless Steel Table Spoon,6.9,True,288
1362,Stainless Steel Tea Spoon,3.9,True,288
1363,Stainless Steel Straight Handle Fork,2.9,True,288
1364,Stainless Steel Straight Handle Spoons,2.9,True,288
1365,Stainless Steel Table Knife,6.9,True,288
1366,Stainless Steel Dessert Spoon,4.9,True,288
1367,Adjustable Handle Hard Shell Suitcase 20L | Carry-On,149.0,True,288
1368,Adjustable Handle Hard Shell Suitcase 75L - White | Check-In,249.0,True,288
1369,Adjustable Handle Hard Shell Suitcase 75L - Khaki Green | Check-In,249.0,True,288
1370,Adjustable Handle Hard Shell Suitcase 105L | Check-In,299.9,True,288
1371,Polyethylene Petite Tube,1.9,True,288
1372,Polyethylene Cylinder Bottle with Snap Cap,0.9,True,288
1373,Cream Container,1.9,True,288
1374,PET Cylinder Pump Bottle,2.9,True,288
1375,Clear Pocket Divider Refill for Passport Case,2.9,True,288
1376,Polyester Card Holder,7.9,True,288
1377,Oak Stacking Shelf - Wide Type - 2 Tiers,250.0,True,288
1378,Stacking Shelf Oak - 3 Tiers,250.0,True,288
1379,[HD] Oak Compartment Stacking Shelf - 5 x 3,800.0,True,288
1380,Oak Stacking Shelf - Wide Type - 5 Tiers,400.0,True,288
1381,Stacking Shelf Oak - 2 Tiers,200.0,True,288
1382,Oak Stacking Shelf - Wide Type - 3 Tiers,300.0,True,288
1383,[HD] Oak Compartment Stacking Shelf - 3 x 3,600.0,True,288
1384,[HD] Oak Compartment Stacking Shelf 5 x 2,600.0,True,288
1385,[HD] Oak Compartment Stacking Shelf - 3 x 2,400.0,True,288
1386,Walnut Stacking Shelf - 5 Tiers,350.0,True,288
1387,Walnut Stacking Shelf - 3 Tiers,250.0,True,288
1388,Walnut Stacking Shelf - 2 Tiers,200.0,True,288
1389,Stacking Shelf Oak Additional - 2 Tiers,150.0,True,288
1390,Oak Additional Stacking Shelf - Wide Type - 2 Tiers,200.0,True,288
1391,Stacking Shelf Oak Additional - 5 Tiers,300.0,True,288
1392,Stacking Shelf Oak Additional - 3 Tiers,200.0,True,288
1393,Oak Additional Stacking Shelf - Wide Type - 5 Tiers,350.0,True,288
1394,Oak Additional Stacking Shelf - Wide Type - 3 Tiers,250.0,True,288
1395,Travel Wallet,14.9,True,288
1396,Polyester Travel Wallet,14.9,True,288
1397,Stainless Steel Sponge Rack,9.9,True,288
1398,Pile Weave Hand Towel with Loop,4.9,True,288
1399,Polypropylene Tube Squeezer (3 Pack),0.9,True,288
1400,Polypropylene Fine Bristle Soft Toothbrush,2.9,True,288
1401,Polypropylene Soft Bristle Toothbrush,2.9,True,288
1402,Shower Brush,11.9,True,288
1403,Acrylic Container,4.9,True,288
1404,Pumice Stone,5.9,True,288
1405,Acrylic Cup with Handle,7.9,True,288
1406,Polypropylene Bath Stool,11.9,True,288
1407,White Porcelain Gargle Cup,5.9,True,288
1408,Twin Pile Face Towel with Loop,7.9,True,288
1409,Cotton Linen Bath Mat,19.9,True,288
1410,Bottle Brush,2.9,True,288
1411,Polypropylene Toothbrush Case,1.9,True,288
1412,Urethane Foam Soap Dish - Refill,2.9,True,288
1413,Portable Stretchy Bath Sponge,4.9,True,288
1414,Body Wash Towel with Case,6.9,True,288
1415,Acrylic Cup,7.9,True,288
1416,Urethane Foam Soap Dish,3.9,True,288
1417,Organic Cotton Pile Face Towel,7.9,True,288
1418,PET Refill Bottle,3.9,True,288
1419,PET Refill Bottle Foam Type,4.9,True,288
1420,PET Rectangular Bottle,3.9,True,288
1421,Pile Bath Towel,14.9,True,288
1422,Stainless Steel Hang Type Bottle Rack,19.9,True,288
1423,Toilet Bin,8.9,True,288
1424,PET Bottle Pump Head,2.9,True,288
1425,Stainless Steel Wired Rack,15.9,True,288
1426,Stainless Steel Bottle Rack,17.9,True,288
1427,White Porcelain Toothbrush Stand,4.9,True,288
1428,White Porcelain Square Dispenser,9.9,True,288
1429,Unglazed Stone 10 Pieces Set,7.9,True,288
1430,Aroma Stone,12.9,True,288
1431,Adjustable Handle Hard Shell Suitcase 75L | Check-In,249.9,True,288
1432,Free Size Stretch Belt,39.9,True,288
1433,PET Bottle Foaming Type 50ml,3.9,True,288
1434,Refreshing Body Wipes,1.9,True,288
1435,Polyethylene Petite Bottle With Flip-Top Cap,0.9,True,288
1436,Aluminum Atomizer,9.9,True,288
1437,Travel Bag Hanger,5.9,True,288
1438,PET Clear Spray Bottle 15ml (0.5 fl Oz),2.9,True,288
1439,Earplugs with Case,3.9,True,288
1440,Polypropylene Folding Hair Brush,1.9,True,288
1441,Polypropylene Pill Case,2.9,True,288
1442,S-Shaped Hook Hanger,4.9,True,288
1443,Polypropylene Folding Hair Comb,1.9,True,288
1444,Polypropylene Connectable Pill Case,1.9,True,288
1445,Polypropylene Case,1.9,True,288
1446,Portable Sewing Set,4.9,True,288
1447,PET Cylinder Spray Bottle,3.9,True,288
1448,Portable Clothes Cleaner,3.9,True,288
1449,Stacking Case,0.9,True,288
1450,Cleansing Wipes,5.9,True,288
1451,Polyethylene Petite Bottle,2.9,True,288
1452,2 Pack 3-Layer Mask,12.9,True,288
1453,Passport Case with Pocket,23.9,True,288
1454,Silicone Ice Tray Stick & Ice Pop Type,7.9,True,288
1455,Acacia Bowl - 9.4in x 3.5in,24.9,True,288
1456,Rubberwood Square Cutting Board,16.9,True,288
1457,MUJI My Bottle for Water,2.9,True,288
1458,Stainless Steel Bowl,8.9,True,288
1459,Sensitive Skin Toning Water - Moisture - 6.8 fl oz,9.9,True,288
1460,[HD] Wooden Bed,400.0,True,288
1461,SUS Shelving Unit - Oak - Wide - Large,450.0,True,288
1462,Beech Coat Stand,95.0,True,288
1463,Men's Side Seamless Jersey V-Neck Short Sleeve T-Shirt,9.9,True,288
1464,Men's Warm Thick Cotton Crew Neck Long Sleeve T-Shirt,24.9,True,288
1465,Men's Breathable Cotton Tank Top,14.9,True,300
1466,Men's Breathable Cotton V-Neck Short Sleeve T-Shirt,14.9,True,300
1467,Men's Heat Generating Cotton Crew Neck Short Sleeve T-Shirt,14.9,True,300
1468,Men's Heat Generating Cotton V-Neck Long Sleeve T-Shirt,14.9,True,300
1469,Men's Breathable Cotton Crew Neck Short Sleeve T-Shirt,14.9,True,300
1470,Men's Cotton Broadcloth Front Open Trunks,9.9,True,300
1471,Men's Smooth Front Open Boxer Brief,8.9,True,300
1472,Men's Smooth Front Open Striped Boxer Brief,8.9,True,300
1473,Men's Smooth Low Rise Boxer Brief,8.9,True,300
1474,Men's Stretch Jersey Front Open Brief,8.9,True,300
1475,Men's Stretch Jersey Boxer Briefs,8.9,True,300
1476,Men's Lyocell Front Open Boxer Brief,8.9,True,300
1477,Men's Warm Mock Neck Long Sleeve T-Shirt,14.9,True,300
1478,Men's Lyocell Low Rise Boxer Brief,8.9,True,300
1479,Men's Warm Crew Neck Long Sleeve T-Shirt,14.9,True,300
1480,Men's Warm Thick Cotton High Neck Long Sleeve T-Shirt,24.9,True,300
1481,Men's Warm Cotton & Wool Long Tights,29.9,True,300
1482,Men's Heat Generating Cotton V-Neck Short Sleeve T-Shirt,14.9,True,300
1483,Men's Warm Long Tights,14.9,True,300
1484,Color MDF Christmas Tree,8.99,True,300
1485,Mild Face Scrub,4.9,True,300
1486,V60 Plastic Coffee Dripper 02 Classic,12.0,True,300
1487,"""Mini-Slim Pro"" Ceramic Coffee Mill",64.0,True,300
1488,V60 Glass Coffee Server 02,30.0,True,300
1489,Pine Shelf Unit - Regular - Large,200.0,True,300
1490,Pine Shelf Unit - Wide - Small,150.0,True,300
1491,Pine Shelf Unit - Regular - Small,100.0,True,300
1492,Pine Shelf Unit - Wide - Medium,200.0,True,300
1493,"Pine Shelf Unit - Cross Bar - Small (22.8"")",10.0,True,300
1494,Pine Shelf Unit - Additional Frame - Large,30.0,True,300
1495,Pine Shelf Unit - Hanging Rail - Wide,30.0,True,300
1496,Pine Shelf Unit - Hanging Rail - Regular,25.0,True,300
1497,Pine Shelf Unit - Wardrobe - Additional Shelf Board - Regular,20.0,True,300
1498,SUS Shelving Unit Frame Reinforcement Part - Wide,30.0,True,300
1499,SUS Shelving Unit Frame Reinforcement Part for Regular Shelves,25.0,True,300
1500,Pine Shelf Unit - Additional Frame - Medium,40.0,True,300
1501,Pine Shelf Unit - Additional Frame - Small,30.0,True,300
1502,SUS Shelving Unit Height Adjustable Bracket,15.0,True,300
1503,SUS Shelving Unit Wardrobe Bar - Wide,25.0,True,300
1504,Caster for SUS Shelving Unit,10.0,True,300
1505,SUS Shelving Unit Wardrobe Bar - Regular,20.0,True,300
1506,Plain Weave Linen Cross Back Apron,39.9,True,300
1507,Stainless Steel Vat,11.9,True,288
1508,Silicone Cooking Spoon,9.9,True,288
1509,Heat Resistant Glass Round Pitcher,7.9,True,288
1510,Acacia Bowl - 7.9in x 3.1in,19.9,True,288
1511,Nylon Turner,5.9,True,288
1512,Stainless Steel Stir Stick,2.9,True,288
1513,Silicone Ice Tray Cube Type,9.9,True,288
1514,Stainless Steel Grater,9.9,True,288
1515,Stainless Steel Long Measure Spoon,2.9,True,288
1516,Stainless Steel Skimmer,9.9,True,288
1517,Stainless Steel Peeler,7.9,True,288
1518,Stainless Steel Strainer - Large,19.9,True,288
1519,Stainless Steel Paper Towel Holder,13.9,True,288
1520,Silicone Brush,5.9,True,288
1521,Silicone Mini Spoon,2.9,True,288
1522,Sponge with Handle,8.9,True,288
1523,Stainless Steel Whisk,3.9,True,288
1524,Stainless Steel Measure Cup,8.9,True,288
1525,Heat Resistant Glass Measure Cup,14.9,True,300
1526,Stainless Steel Strainer - Medium,18.9,True,300
1527,Stainless Steel Cheese Grater,9.9,True,300
1528,Stainless Steel Strainer - Small,17.9,True,300
1529,Stainless Steel Ladle,8.9,True,300
1530,Stainless Steel Mesh Tray - Small,17.9,True,300
1531,Stainless Steel Mesh Tray - Large,19.9,True,300
1532,Stainless Steel Strainer With Handle,23.9,True,300
1533,Stainless Steel Coffee Dripper,19.9,True,300
1534,Circular Lacquered Lunchbox,40.9,True,300
1535,Silicone Ice Tray Ball Type,9.9,True,300
1536,Coffee Filter 60pcs,1.9,True,300
1537,Urethane Foam 3-Layer Sponge (Set of 3),4.9,True,300
1538,Urethane Foam 3-Layer Sponge (Set of 3) Gray,4.9,True,300
1539,Stainless Steel Potato Masher,8.9,True,300
1540,Scourer with Handle,8.9,True,300
1541,Rubberwood Round Cutting Board,14.9,True,300
1542,Silicone Spatula,7.9,True,300
1543,Silicone Scraper,5.9,True,300
1544,Stainless Steel Can Opener,5.9,True,300
1545,Sensitive Skin Toning Water - Light Moisture - 6.8 fl oz,9.9,True,300
1546,Pine Wood Folding Low Table,90.0,True,300
1547,"Beech Wood Table with Round Legs - W 59.1""",1200.0,True,300
1548,"[HD] Beech Wood Table with Round Legs - W 70.9""",1500.0,True,300
1549,[HD] Living Dining Table - 3,600.0,True,300
1550,Hair Scissors,17.9,True,300
1551,Hair Clip,3.9,True,300
1552,Hair Rubber Band 23 Pieces Set,1.9,True,300
1553,Hair Rubber Band Black Thick 1pc,1.5,True,300
1554,Hair Rubber Band 3 Pieces Set,2.9,True,300
1555,Hair Rubber Band,1.5,True,288
1556,Cord Hair Band 2 Pieces Set,4.9,True,288
1557,"Pine Shelf Unit - Cross Bar - Large (33.9"")",15.0,True,288
1558,SUS Shelving Unit - Walnut - Regular - Medium,350.0,True,288
1559,Heatproof Glass Pot - 25.3 oz,29.9,True,288
1560,Unisex Washed Oxford Middle Length Over Shirt,39.9,True,288
